Country Name,Time,Exports of goods and services (% of GDP) [NE.EXP.GNFS.ZS],Imports of goods and services (% of GDP) [NE.IMP.GNFS.ZS],GDP (current US$) [NY.GDP.MKTP.CD],"Population, total [SP.POP.TOTL]","Foreign direct investment, net inflows (% of GDP) [BX.KLT.DINV.WD.GD.ZS]",General government final consumption expenditure (% of GDP) [NE.CON.GOVT.ZS],Oil rents (% of GDP) [NY.GDP.PETR.RT.ZS],"Official exchange rate (LCU per US$, period average) [PA.NUS.FCRF]"
Albania,1995,12.26965123,27.86904773,2905092799,3187784,2.409561582,10.01453586,1.159516028,92.6975
Albania,1996,11.49514502,32.91663699,3234486232,3168033,2.785604685,9.599402575,1.160702594,104.4989167
Albania,1997,10.04084924,34.68852883,2293666030,3148281,2.070920499,10.55651461,1.088356446,148.9329167
Albania,1998,11.22730382,35.90332288,2600356999,3128530,1.730916179,10.90904603,0.23349463,150.6333333
Albania,1999,16.47343344,33.42198497,3283941510,3108778,1.254589945,11.14736519,0.494725404,137.6905833
Albania,2000,19.5304709,42.07879015,3584570165,3089027,3.989320711,9.731558305,1.071500565,143.7094167
Albania,2001,20.61356662,43.63387964,4059064033,3060173,5.107088686,10.59390749,0.699922138,143.4848333
Albania,2002,20.17118593,45.8202791,4515003117,3051010,2.990031159,11.23614849,0.687177627,140.1545159
Albania,2003,20.16388038,44.65933472,5801712040,3039616,3.068687302,11.05051425,0.692722775,121.86325
Albania,2004,21.55175222,43.4861861,7406645793,3026939,4.607822786,11.18857744,0.793153163,102.7800512
Albania,2005,22.44278184,46.67351082,8256658250,3011487,3.178998145,11.08329383,1.020953746,99.87025448
Albania,2006,24.50859193,47.69331702,9150528132,2992547,3.553219138,10.55495187,1.192449217,98.10337709
Albania,2007,27.13081991,52.78108098,11116937870,2970017,5.867403518,10.38588709,1.249434028,90.42789383
Albania,2008,24.58266192,50.66588536,13258506375,2947314,9.406653201,10.70497666,1.604654693,83.8946041
Albania,2009,24.64462446,48.6767331,12335540656,2927519,10.90682015,11.51584483,0.923660116,94.97811982
Albania,2010,27.60992967,47.9226033,12086545641,2913021,9.01744998,11.68942668,1.309543172,103.9366667
Albania,2011,29.0544738,51.64452473,12973755875,2905195,8.083292858,11.87303261,2.454889085,100.8958333
Albania,2012,29.11077094,47.85758738,12246499748,2900401,7.495975133,11.74291299,2.866351043,108.1841667
Albania,2013,28.86940201,46.88121655,12796985886,2895092,9.80035898,11.76768398,3.033924075,105.6691667
Albania,2014,28.06834349,46.95285882,13296322588,2889104,8.648466357,12.27463847,3.122076157,105.48
Albania,2015,27.06932246,44.2101252,11470171827,2880703,8.62740637,11.69958172,1.452606185,125.9616667
Albania,2016,28.66979317,45.34465728,11988668785,2876101,8.711472254,12.10503264,0.884410718,124.1425
Albania,2017,31.00179579,45.785586,13258268436,2873457,7.714113363,11.85101675,1.126142276,119.1
Albania,2018,31.11401354,44.58006483,15379508330,2866376,7.831091461,11.86661408,1.469833819,107.9891667
Albania,2019,30.93612249,44.44600645,15585111614,2854191,7.70621465,12.67599127,1.424371096,109.8508333
Albania,2020,22.54076327,36.97994862,15241455556,2837849,7.018653013,13.66733332,0.582225701,108.65
Albania,2021,31.13302234,44.45729939,18032009220,2811666,6.757907216,12.83522541,1.042183692,103.52
Algeria,1995,26.19477598,28.99622923,41764291672,28470191,2.39E-06,16.76378984,14.17748132,47.66272667
Algeria,1996,29.76044833,23.94469955,46941554225,29033044,0.575183341,15.7743188,16.3135924,54.74893333
Algeria,1997,30.90631138,21.33760013,48177612042,29579301,0.539669753,16.53837856,14.79013496,57.70735
Algeria,1998,22.57835401,22.51609655,48187781984,30054133,1.258825318,17.79190852,9.01756332,58.73895833
Algeria,1999,28.15011312,22.77899622,48640671735,30474354,0.5994983,16.78723475,12.95566738,66.573875
Algeria,2000,42.06971772,20.78862591,54790398570,30903893,0.511220957,13.58394563,20.20389451,75.25979167
Algeria,2001,34.1212314,20.40841772,59413400924,31331221,1.873492382,15.10619807,16.71977136,77.21502083
Algeria,2002,33.1371641,23.45244118,61516103406,31750835,1.731188975,15.82830109,17.70370677,79.6819
Algeria,2003,35.66906353,22.10007178,73482264191,32175818,0.868036712,15.11913332,19.67863267,77.394975
Algeria,2004,38.39295946,22.96503811,91913680985,32628286,0.962586876,13.96686423,22.12697333,72.06065
Algeria,2005,44.3712829,22.46917732,1.07E+11,33109249,1.07990333,12.42536156,27.91411415,73.27630833
Algeria,2006,45.76413427,20.1511577,1.23E+11,33623506,1.495723352,11.95144523,29.53439355,72.64661667
Algeria,2007,44.72015567,22.82531773,1.42E+11,34189416,1.183818154,12.38816563,27.92670877,69.2924
Algeria,2008,45.64718181,25.38131044,1.80E+11,34816961,1.462773446,13.76576071,29.10864013,64.5828
Algeria,2009,32.58600627,31.69874845,1.50E+11,35490445,1.827421647,16.37156881,19.90462637,72.64741667
Algeria,2010,34.98822961,28.50298638,1.78E+11,36188236,1.293904675,16.96330568,21.99399932,74.38598333
Algeria,2011,35.98808641,26.23200355,2.18E+11,36903376,1.177673291,20.11290658,25.02600961,72.93788333
Algeria,2012,34.382792,26.37484733,2.27E+11,37646166,0.660551954,19.75029256,22.6025383,77.53596667
Algeria,2013,30.79936493,28.35164323,2.30E+11,38414171,0.736559065,18.53508043,20.87243139,79.3684
Algeria,2014,27.61948637,29.3040556,2.39E+11,39205031,0.628688968,18.99328261,19.31672947,80.57901667
Algeria,2015,20.52814168,32.67648091,1.87E+11,40019529,-0.286832291,20.52446564,11.74590319,100.6914333
Algeria,2016,18.48668797,31.27424482,1.81E+11,40850721,0.906300706,20.02184261,10.02621891,109.4430667
Algeria,2017,20.33367952,29.48713665,1.90E+11,41689299,0.647902696,18.8290422,12.15657413,110.9730167
Algeria,2018,23.42310574,29.01306194,1.95E+11,42505035,0.753576089,17.40371176,15.94280818,116.5937917
Algeria,2019,20.40794195,26.09890066,1.93E+11,43294546,0.713947308,18.26102608,14.14210315,119.3535583
Algeria,2020,15.53520111,24.85455545,1.65E+11,44042091,0.693816015,19.80315972,9.038413797,126.7768
Algeria,2021,23.44436729,23.39269197,1.86E+11,44761099,0.46672848,18.42862894,14.46156546,135.0640583
Argentina,1995,9.68041026,10.09101283,2.58E+11,35070020,2.17392759,13.34945568,1.113683382,0.99975
Argentina,1996,10.42859676,11.07787165,2.72E+11,35513793,2.553203406,12.50167766,1.420932877,0.9996625
Argentina,1997,10.5608501,12.77532874,2.93E+11,35947791,3.127877939,12.06201425,1.271586786,0.9995
Argentina,1998,10.41558196,12.93444601,2.99E+11,36372860,2.438768962,12.494775,0.676255461,0.9995
Argentina,1999,9.827174515,11.55557045,2.84E+11,36794682,8.460582171,13.72321141,1.182229116,0.9995
Argentina,2000,10.98637523,11.63606955,2.84E+11,37213984,3.665790595,13.78419131,2.039212319,0.9995
Argentina,2001,11.57900808,10.27324737,2.69E+11,37624825,0.806164135,14.15627431,1.578289617,0.9995
Argentina,2002,28.382597,13.37012736,97724004252,38029349,2.198958195,12.2352473,4.588011023,3.063256667
Argentina,2003,25.93094293,14.7138051,1.28E+11,38424282,1.294810869,11.43805679,3.795263575,2.900629167
Argentina,2004,23.84761942,16.84502668,1.65E+11,38815916,2.505017516,11.11463607,3.628150456,2.923300819
Argentina,2005,23.24587673,17.30539424,1.99E+11,39216789,2.649354415,12.14186124,4.360830444,2.9036575
Argentina,2006,23.0266946,17.40678527,2.33E+11,39622115,2.381068545,12.42941537,4.490890647,3.054313333
Argentina,2007,22.66275031,18.28242031,2.88E+11,40016763,2.251294236,12.9893239,3.70577772,3.095648849
Argentina,2008,22.06090038,18.341773,3.62E+11,40424148,2.689900965,13.63351326,4.039000966,3.14416456
Argentina,2009,19.56098506,14.49614185,3.33E+11,40854831,1.206439226,15.90389675,2.124534881,3.710106831
Argentina,2010,18.93382341,16.03718986,4.24E+11,41288694,2.675161719,15.16371789,2.30522042,3.896295154
Argentina,2011,18.44920915,16.75694585,5.30E+11,41730660,2.044659979,15.68895652,2.745331465,4.110139576
Argentina,2012,16.23785946,14.28868291,5.46E+11,42161721,2.8066719,16.64543781,2.556498724,4.53693436
Argentina,2013,14.61717339,14.71675561,5.52E+11,42582455,1.779205536,16.8062378,2.253872986,5.459352665
Argentina,2014,14.40547859,14.00131506,5.26E+11,43024071,0.96240665,16.94987574,2.092705651,8.075275993
Argentina,2015,10.70565205,11.78057404,5.95E+11,43477012,1.977134618,18.09837976,0.693912055,9.233185525
Argentina,2016,12.52709517,13.56679268,5.58E+11,43900313,0.584748941,17.65457819,0.549552012,14.75817509
Argentina,2017,11.32028336,13.96931778,6.44E+11,44288894,1.789365041,17.69689392,0.663565866,16.56270693
Argentina,2018,14.43668575,16.32585021,5.25E+11,44654882,2.232531577,15.80509716,1.310953407,28.09499167
Argentina,2019,17.92487838,14.70573667,4.48E+11,44973465,1.485006876,16.44324159,1.290995655,48.14789167
Argentina,2020,16.60541444,13.59828437,3.86E+11,45191965,1.266169243,16.87300738,0.677055566,70.53916667
Argentina,2021,18.06670917,15.0119804,4.87E+11,45312281,1.368380832,15.91581794,1.544382289,94.99074167
Armenia,1995,23.92792083,62.18693624,1468317435,3307581,1.724422757,11.32299122,0,405.9083333
Armenia,1996,23.2400035,55.98955662,1596968946,3278735,1.100209246,11.34300916,0,414.0415
Armenia,1997,20.27326939,58.27447567,1639492445,3246289,3.168053635,11.47718311,0,490.8467858
Armenia,1998,19.00301997,52.83943191,1893726437,3208401,12.27077974,11.29209705,0,504.915
Armenia,1999,20.75824695,49.80223219,1845482173,3167286,6.612580809,12.23046955,0,535.0618333
Armenia,2000,22.16141881,50.07191142,1911563669,3221100,5.450433156,10.7986681,0,539.5258333
Armenia,2001,24.1458544,45.718412,2118467913,3211800,3.298067417,10.34133848,0,555.0782583
Armenia,2002,27.83210837,46.15239348,2376335048,3199800,4.659499749,9.169041823,0,573.3533333
Armenia,2003,30.48299789,49.56836971,2807061009,3182500,4.376570097,9.384795808,0,578.7629545
Armenia,2004,28.19074382,44.87989017,3576615240,3164900,6.909902013,9.356232102,0,533.4508333
Armenia,2005,27.31319795,42.82654063,4900469511,3146400,5.960106873,9.710011798,0,457.6869406
Armenia,2006,22.14598144,38.88415655,6384452067,3127100,7.307314505,9.26564058,0,416.0403697
Armenia,2007,18.18935698,38.7856901,9206301270,3107400,7.252332316,9.398191982,0,342.0791162
Armenia,2008,14.26572957,40.27659839,11662040714,3087100,8.092349209,9.395905687,0,305.9694003
Armenia,2009,14.67090075,42.603335,8647937081,3066000,8.788694214,12.28372598,0,363.2832856
Armenia,2010,19.74841532,44.89456066,9260285756,3044800,5.716037341,12.04370773,0,373.6604667
Armenia,2011,22.52318826,46.9123854,10142111825,3027900,6.440668056,11.91029326,0,372.5008824
Armenia,2012,27.56181148,48.39986448,10619320683,3024100,4.676727598,10.90996389,0,401.7639756
Armenia,2013,28.35348514,49.20156302,11121464437,3022000,3.111931854,11.93506543,0,409.6257493
Armenia,2014,28.56038166,47.21848531,11609513247,3013800,3.502114155,12.08585349,0,415.9197892
Armenia,2015,29.72539121,41.95668313,10553337518,3004600,1.744737018,13.11159781,0,477.9183066
Armenia,2016,33.74427986,42.3336876,10546136236,2992300,3.165367278,13.45415852,0,480.4881508
Armenia,2017,38.21604566,48.98633088,11527458709,2979400,2.192573377,12.31855199,0,482.7163938
Armenia,2018,39.39289403,53.08021299,12457940695,2969000,2.142047834,11.48669032,0,482.9879466
Armenia,2019,41.35080136,54.76335277,13619290539,2962500,0.736361517,12.5645601,0,480.4451288
Armenia,2020,29.76498692,39.72382062,12641698583,2961500,0.463408851,14.96861824,0,489.0088586
Armenia,2021,35.90643999,43.76344883,13878908629,2962300,2.640302812,13.64985026,0,503.769675
Australia,1995,17.87066952,19.83337569,3.68E+11,18004882,3.604046631,18.64127169,0.472621237,1.3490325
Australia,1996,18.8901429,19.34291045,4.01E+11,18224767,1.137173235,18.58464296,0.491721404,1.277863333
Australia,1997,19.12748242,18.85334986,4.36E+11,18423037,1.856583533,18.27059362,0.390188128,1.34738
Australia,1998,19.55756568,20.43513679,4.00E+11,18607584,1.900950002,18.26233793,0.214859614,1.591828333
Australia,1999,18.29474419,20.73505123,3.90E+11,18812264,0.567408043,18.73073156,0.302021118,1.54995
Australia,2000,19.39022808,21.5449829,4.16E+11,19028802,3.578599219,18.53807453,0.876745345,1.724826667
Australia,2001,22.1523264,22.0663781,3.80E+11,19274701,2.823052147,18.54263912,0.720452604,1.9334425
Australia,2002,20.72666126,20.72243095,3.96E+11,19495210,3.703067305,18.34843465,0.803940894,1.8405625
Australia,2003,19.05721273,21.14435418,4.68E+11,19720737,1.920995362,18.41072434,0.75762617,1.541914167
Australia,2004,17.16246822,19.84714538,6.15E+11,19932722,6.980716853,18.30228136,0.737890122,1.3597525
Australia,2005,18.22437279,20.93637419,6.96E+11,20176844,-3.606927925,18.38159496,0.887355263,1.309473333
Australia,2006,19.85353922,21.70590795,7.48E+11,20450966,4.082092962,18.30729753,0.865992075,1.327973441
Australia,2007,20.18350393,21.8245161,8.55E+11,20827622,5.197717937,18.17225164,0.871982126,1.1950725
Australia,2008,20.14887732,22.69789909,1.06E+12,21249199,4.277015978,18.09390919,0.935960985,1.192178333
Australia,2009,23.01098506,22.72987797,9.29E+11,21691653,3.115218929,18.43074706,0.553069183,1.28218881
Australia,2010,19.79626197,20.72532703,1.15E+12,22031750,3.094839434,18.83553294,0.706854443,1.090159486
Australia,2011,21.43724723,20.41388479,1.40E+12,22340024,4.688815155,18.66556132,0.877828805,0.969463201
Australia,2012,21.4931587,21.6711378,1.55E+12,22733465,3.720199337,18.89830204,0.679385653,0.965801031
Australia,2013,19.97656887,21.29631015,1.58E+12,23128129,3.453927666,18.85373496,0.538515504,1.035843097
Australia,2014,21.08760339,21.39641963,1.47E+12,23475686,4.304706644,18.77776548,0.488872501,1.109363293
Australia,2015,20.06612629,21.59780564,1.35E+12,23815995,3.470209018,19.18887551,0.197899254,1.331090262
Australia,2016,19.27874425,21.69533522,1.21E+12,24190907,3.560565952,19.97359332,0.173168976,1.345213976
Australia,2017,21.25661748,20.94711419,1.33E+12,24592588,3.636089515,19.94828337,0.198665474,1.304758077
Australia,2018,21.89409054,21.84197454,1.43E+12,24963258,4.250333048,20.01682912,0.264744672,1.338412146
Australia,2019,24.159678,22.0278239,1.39E+12,25334826,2.781967875,20.37134132,0.229199448,1.438506544
Australia,2020,24.02673916,20.63771691,1.33E+12,25649248,1.353256055,21.89469148,0.108188866,1.453085118
Australia,2021,22.05667598,18.24580429,1.56E+12,25685412,2.024681946,22.42271872,0.264201375,1.33122426
Austria,1995,33.66500092,34.86000483,2.40E+11,7948278,0.760156006,19.66668963,0.024055679,10.08149583
Austria,1996,34.43773558,36.03158072,2.36E+11,7959017,1.832365244,19.67340699,0.032850192,10.5865575
Austria,1997,37.21443359,38.03004244,2.12E+11,7968041,1.260586698,19.69943498,0.028035191,12.20424417
Austria,1998,38.56159062,38.78793104,2.17E+11,7976789,2.106185114,19.66041128,0.008374868,12.379065
Austria,1999,39.50931259,39.05362039,2.16E+11,7992324,1.374399374,19.92044219,0.026292283,0.938283072
Austria,2000,43.59109146,42.25151627,1.96E+11,8011566,4.333236887,19.32826873,0.061037723,1.082705081
Austria,2001,44.85181018,43.14444654,1.96E+11,8042293,2.895722431,19.07579893,0.044088403,1.116533086
Austria,2002,45.65105339,41.93344031,2.13E+11,8081957,0.06500105,18.97656694,0.042053366,1.057558996
Austria,2003,44.82572259,42.05650373,2.61E+11,8121423,2.375575502,19.08835893,0.039205024,0.884047927
Austria,2004,47.2191991,44.25502108,2.99E+11,8171966,1.064017002,19.03323825,0.048536726,0.803921648
Austria,2005,48.95115167,45.72360311,3.14E+11,8227829,25.83070261,19.47814113,0.060495703,0.803800192
Austria,2006,51.20315593,47.58256938,3.34E+11,8268641,3.144734688,19.39521749,0.066274364,0.796432731
Austria,2007,52.89048324,48.4744752,3.87E+11,8295487,17.80581135,18.86234167,0.058689956,0.7296724
Austria,2008,53.59839134,49.14531302,4.29E+11,8321496,1.46799597,19.39863511,0.088444503,0.67992268
Austria,2009,45.48691068,42.11358242,3.99E+11,8343323,3.581371969,20.81209393,0.053430235,0.716957702
Austria,2010,51.58398211,48.06090044,3.90E+11,8363404,-5.645396702,20.62119879,0.059914936,0.75430899
Austria,2011,54.29207688,51.48302149,4.29E+11,8391643,5.35812778,20.02321825,0.073845969,0.718413899
Austria,2012,54.32549244,51.51529895,4.07E+11,8429991,1.283002792,19.99015065,0.084334239,0.77833812
Austria,2013,53.88982099,51.09555303,4.27E+11,8479823,-0.302633479,20.0845066,0.074950157,0.752945123
Austria,2014,53.8561571,50.64058289,4.39E+11,8546356,0.389557041,19.98476082,0.076914031,0.752728197
Austria,2015,53.39601227,49.72156947,3.80E+11,8642699,-1.804095111,19.88795485,0.034077696,0.901296423
Austria,2016,52.66340208,48.91009251,3.94E+11,8736668,-7.239899042,19.75841914,0.023251876,0.903421436
Austria,2017,54.32602968,51.23003708,4.15E+11,8797566,3.381802756,19.59894064,0.030163833,0.885205508
Austria,2018,55.70223947,52.6757305,4.53E+11,8840521,-6.151192072,19.4423168,0.042658846,0.846772667
Austria,2019,55.89580739,52.31147751,4.43E+11,8879920,-2.852556176,19.53132113,0.036825509,0.893276257
Austria,2020,51.66308997,48.28512414,4.34E+11,8916864,-2.763320707,21.15293402,0.017275692,0.875506397
Austria,2021,55.9533597,55.07890903,4.80E+11,8955797,3.954093238,21.73176561,0.037803787,0.845494139
Azerbaijan,1995,32.48664355,53.4070672,2417331193,7684850,13.65348699,12.7940763,20.08720273,0.8827085
Azerbaijan,1996,24.92863939,55.92110078,3176507376,7763000,19.74738056,12.01785845,21.60884033,0.860252833
Azerbaijan,1997,29.03460723,53.04435931,3962362387,7838250,28.13569005,12.61121489,15.02240926,0.797075
Azerbaijan,1998,22.69952915,54.52827995,4446368571,7913000,23.0067972,15.15724002,4.884018898,0.773799687
Azerbaijan,1999,27.97012,41.85584488,4581248567,7982750,11.13925587,15.61283145,17.00999803,0.824033333
Azerbaijan,2000,40.17083148,38.3777368,5272615723,8048600,2.46437455,15.15016638,32.94574763,0.89483075
Azerbaijan,2001,41.49860787,37.31657762,5707616204,8111200,14.35939227,13.64662503,23.7019954,0.931316667
Azerbaijan,2002,42.76783505,50.05030928,6236087738,8171950,32.46549896,12.40412371,23.25371948,0.972164167
Azerbaijan,2003,42.00657665,65.54537186,7276413079,8234100,55.07287666,12.38928147,23.65101381,0.982146
Azerbaijan,2004,48.78900846,72.71810743,8680405741,8306500,54.36505091,12.90004924,26.83438882,0.9826955
Azerbaijan,2005,62.94110601,52.9007786,13245421881,8391850,33.79579783,10.42204033,37.4466296,0.945421
Azerbaijan,2006,66.50414484,38.75825501,20981929498,8484550,21.38014047,8.539864079,39.58130738,0.893445
Azerbaijan,2007,68.12891169,28.51289646,33049419431,8581300,13.9011035,9.660266921,36.86835137,0.858123808
Azerbaijan,2008,65.77613785,23.46675902,48851293785,8763400,8.161108317,8.495111767,39.50077303,0.821619579
Azerbaijan,2009,51.63574568,23.108296,44292427185,8947243,6.547462364,11.12340772,26.67883009,0.803783333
Azerbaijan,2010,54.30472154,20.68126693,52909294792,9054332,6.337255133,10.88143177,25.51544764,0.80265
Azerbaijan,2011,56.42698053,24.08106448,65952796428,9173082,6.80050012,10.12768327,29.797955,0.789686389
Azerbaijan,2012,52.97468019,25.28838935,69679944504,9295784,7.596518679,10.52596006,25.81778192,0.785645349
Azerbaijan,2013,48.41583308,26.26001169,74160560124,9416801,3.532115987,10.28324911,22.58378322,0.784541075
Azerbaijan,2014,43.27355666,26.20966854,75239785452,9535079,5.888461767,10.88587304,20.24630631,0.7843475
Azerbaijan,2015,37.79477749,34.80673042,53076235355,9649341,7.626068377,12.40823832,12.06957514,1.024563819
Azerbaijan,2016,46.42764939,43.64966934,37866996883,9757812,11.88281715,12.83206344,12.78256545,1.595721573
Azerbaijan,2017,48.54786473,41.85445095,40866627352,9854033,7.016695984,11.34141244,17.12356786,1.721154802
Azerbaijan,2018,54.09229386,37.58028267,47112470052,9939771,2.977975891,10.46646357,24.17241001,1.700016667
Azerbaijan,2019,49.0506275,36.76751791,48174235294,10024283,3.121830561,11.12347093,20.4577105,1.7
Azerbaijan,2020,35.62355587,36.39431178,42693000000,10093121,1.187903872,16.21894208,11.14768273,1.7
Azerbaijan,2021,46.48874717,29.79811852,54825411765,10137750,-3.114734473,13.86744232,20.98337508,1.7
"Bahamas, The",1995,49.54913969,54.91630213,3429000000,301461,3.117526976,13.88743074,0,1
"Bahamas, The",1996,48.03768357,57.81906345,3609000000,306268,2.432806872,14.32169576,0,1
"Bahamas, The",1997,36.88040478,42.85448079,6332360000,310904,3.316299136,10.03575286,0,1
"Bahamas, The",1998,34.65716017,43.069007,6833220000,315368,2.149791753,9.524060399,0,1
"Bahamas, The",1999,36.45688956,39.24584877,7683870000,319614,1.943031311,9.181571266,0,1
"Bahamas, The",2000,38.04756286,41.59738103,8076470000,323835,3.098507145,9.254042917,0,1
"Bahamas, The",2001,34.07258864,38.42829199,8317830000,327836,1.230729649,9.646746808,0,1
"Bahamas, The",2002,36.17545456,34.10252715,8881160000,331614,1.720383373,9.529160605,0,1
"Bahamas, The",2003,35.81023417,35.25330634,8870090000,335618,2.144284895,9.721434619,0,1
"Bahamas, The",2004,38.2152311,37.78675227,9055290000,339782,3.021438297,10.02397494,0,1
"Bahamas, The",2005,38.75988695,42.63638397,9836200000,343894,5.727971168,9.751733393,0,1
"Bahamas, The",2006,38.30927734,49.24143697,10167250000,348375,6.947601367,10.23875679,0,1
"Bahamas, The",2007,40.09195411,47.92086145,10618340000,353334,6.718093412,10.09762355,0,1
"Bahamas, The",2008,39.49363481,47.93558807,10526000000,358120,8.171729024,11.18468554,0,1
"Bahamas, The",2009,34.19067999,42.33036398,9981960000,362810,6.651599485,12.67286184,0,1
"Bahamas, The",2010,34.95328732,43.72231511,10095760000,367478,8.636992163,12.51713591,0,1
"Bahamas, The",2011,37.43526853,50.89842063,10070450000,371729,6.619575093,13.75906737,0,1
"Bahamas, The",2012,38.12730868,46.12421178,10720400000,375469,4.908128428,13.08813104,0,1
"Bahamas, The",2013,39.85661509,44.6917988,10475300000,378953,3.649079263,11.73808865,0,1
"Bahamas, The",2014,37.36298265,43.17404458,11139100000,382298,2.255814463,11.13554955,0,1
"Bahamas, The",2015,35.83158748,33.84638778,11837600000,385346,0.642663418,11.36801379,0,1
"Bahamas, The",2016,32.85188832,34.36103326,11880900000,388055,3.285946657,10.71804325,0,1
"Bahamas, The",2017,31.72597193,36.60831211,12446900000,390485,2.447095848,11.7105464,0,1
"Bahamas, The",2018,35.25180979,36.90245881,12819200000,392717,3.833349111,11.27215427,0,1
"Bahamas, The",2019,34.98079385,33.80582963,13277000000,394675,3.632065274,12.65496724,0,1
"Bahamas, The",2020,23.27369924,30.14705882,10363200000,395863,4.193683416,21.7683727,0,1
"Bahamas, The",2021,27.9712553,37.96128603,12037000000,396373,3.182394111,17.3440226,0,1
Bahrain,1995,72.10765646,61.97907586,6651180851,558879,6.473839058,18.33381051,15.24597026,0.375999971
Bahrain,1996,77.31669799,67.0167525,6938166755,573792,29.52007284,17.7977911,18.44940244,0.375999968
Bahrain,1997,69.54510878,61.12734023,7219407713,589115,4.561096662,17.13392752,16.4187314,0.375999965
Bahrain,1998,56.81654418,56.18487478,7031309043,604842,2.552219113,18.26178519,10.63769586,0.375999963
Bahrain,1999,69.36082764,55.37490951,7528469149,620989,6.026960183,18.30639752,14.79407998,0.375999979
Bahrain,2000,79.18066703,56.6284683,9062898936,637582,4.011545582,16.20882426,18.71107805,0.376
Bahrain,2001,73.61076132,53.41550496,8976196809,661316,0.895243944,17.26048503,15.00744715,0.376
Bahrain,2002,72.5085663,58.62506792,9593510638,710553,2.261808944,17.66902494,14.49065385,0.376
Bahrain,2003,72.063072,56.02851016,11074813830,764517,4.665543678,17.31598197,14.9880274,0.376
Bahrain,2004,78.60514596,62.13216408,13150159574,823741,6.580210025,15.43849076,16.65302134,0.376
Bahrain,2005,83.89404821,64.4194769,15968723404,888822,6.566594458,14.05673324,20.09312174,0.376
Bahrain,2006,84.63894426,62.46523681,18504760638,960424,15.75086501,12.71122009,20.36706147,0.376
Bahrain,2007,79.67952923,58.10552134,21730000000,1039295,8.08243219,12.09977872,18.99060482,0.376
Bahrain,2008,82.57734838,63.30516277,25710904255,1103496,6.977577827,11.29301873,21.68157688,0.376
Bahrain,2009,68.46559387,49.49813154,22938218085,1178415,1.12105291,13.97822783,14.4351177,0.376
Bahrain,2010,66.70271504,48.85877141,26805984043,1228543,0.581105357,12.38943254,17.31563295,0.376
Bahrain,2011,95.63634876,71.89329227,29914680851,1195020,2.610260386,13.30958613,23.39805595,0.376
Bahrain,2012,98.26563623,80.55838459,31963404255,1208964,4.832654365,14.85575259,20.09402347,0.376
Bahrain,2013,100.8266516,83.76285721,33823324468,1253191,11.02113061,14.96189917,20.8660137,0.376
Bahrain,2014,92.22553572,76.35032242,34772526596,1314562,4.36728984,15.48307495,18.87092669,0.376
Bahrain,2015,79.34410357,68.5719566,32523297872,1370322,0.199529633,16.88445955,9.824744369,0.376
Bahrain,2016,70.5882907,62.2347072,33884680851,1423726,0.718174283,16.27803496,7.629604327,0.376
Bahrain,2017,72.25386214,64.17537767,37204813830,1501116,3.833008912,15.85288216,8.937952597,0.376
Bahrain,2018,75.71537268,68.35999989,39567978723,1503091,4.180793087,15.55919098,11.39008112,0.376
Bahrain,2019,73.09442399,62.32311941,40446808511,1483756,2.3283798,14.99421245,9.848188676,0.376
Bahrain,2020,70.45443582,65.00654919,35837632979,1472204,2.849732281,16.55554299,6.695589232,0.376
Bahrain,2021,86.27421867,67.52509781,40840212766,1504365,4.356625979,15.20835482,10.93767564,0.376
Bangladesh,1995,10.86463421,17.34486186,37939748769,122600370,0.004998378,4.629886125,0.013196471,40.27831833
Bangladesh,1996,9.70650765,16.36958007,46438484108,124862179,0.029134955,4.727499218,0.01780103,41.79416833
Bangladesh,1997,10.52037056,15.80514283,48244309133,127198069,0.288896568,4.90298209,0.017330874,43.89211583
Bangladesh,1998,11.75733123,16.12273217,49984559471,129622332,0.380236167,5.12567978,0.008010457,46.90565167
Bangladesh,1999,11.75864239,16.62929817,51270569884,132108065,0.350304291,5.039615203,0.017950739,49.0854
Bangladesh,2000,12.34420123,16.97751313,53369787319,134544304,0.525362089,4.973121383,0.035323148,52.14166667
Bangladesh,2001,13.38655921,18.71145786,53991289844,136805810,0.145443905,4.845659837,0.054371042,55.80666667
Bangladesh,2002,12.40996893,16.55741179,54724081491,138933658,0.095579368,5.022648565,0.083750111,57.888
Bangladesh,2003,11.4311487,16.2267362,60158929188,140970351,0.445960783,5.128298617,0.070842254,58.15004
Bangladesh,2004,11.14650895,15.7117252,65108544250,142902856,0.689472336,5.174383111,0.088665739,59.51265833
Bangladesh,2005,14.3928419,20.00409297,69476001239,144715786,1.170651674,5.180225165,0.085431476,64.327475
Bangladesh,2006,16.35346357,21.75846087,71795736172,146405973,0.6358639,5.440078557,0.101110752,68.93323333
Bangladesh,2007,16.99533485,22.94704781,79611644975,147989278,0.817756923,5.359456215,0.146631401,68.874875
Bangladesh,2008,17.65885848,24.96205555,91636997371,149474264,1.449657916,5.178276878,0.207602558,68.598275
Bangladesh,2009,16.94013291,23.15266332,1.02E+11,150873714,0.879517143,5.093745166,0.080921545,69.03906667
Bangladesh,2010,16.02411269,21.77872999,1.15E+11,152201981,1.068967663,5.075325836,0.110401376,69.64929167
Bangladesh,2011,19.92207496,27.49877488,1.29E+11,153591076,0.983399364,5.097446688,0.148237511,74.1524
Bangladesh,2012,20.16158886,27.94933388,1.33E+11,155070101,1.188503919,5.039342519,0.165239329,81.86265833
Bangladesh,2013,19.53787411,26.75852861,1.50E+11,156532141,1.735320125,5.116131642,0.136547577,78.103235
Bangladesh,2014,18.98966,25.5244202,1.73E+11,157964929,1.468703051,5.337520757,0.095958161,77.64140833
Bangladesh,2015,17.33667379,24.74932252,1.95E+11,159383179,1.450782455,5.404240381,0.051618323,77.94690833
Bangladesh,2016,13.92120448,17.41294565,2.65E+11,160811932,0.87952834,5.865298315,0.031494026,78.46809167
Bangladesh,2017,12.81974689,17.17998378,2.94E+11,162186147,0.616341785,6.02233216,0.046039527,80.43754167
Bangladesh,2018,12.67478794,19.83984378,3.21E+11,163523103,0.753549134,5.959166931,0.061302761,83.46620192
Bangladesh,2019,13.09475734,18.48329716,3.51E+11,164913055,0.543244142,6.238189406,0.040160917,84.4535225
Bangladesh,2020,10.44278806,15.82865931,3.74E+11,166298024,0.407859895,5.971207292,0.016478832,84.87139167
Bangladesh,2021,10.6627789,17.0612258,4.16E+11,167658854,0.414118154,5.882748688,0.031577189,85.08376325
Belarus,1995,49.66516478,54.05302999,13972683274,10193831,0.105205276,20.5497393,0.764551766,0.001152097
Belarus,1996,46.34980374,50.42509604,14756846154,10159569,0.708145893,20.55160838,0.962363803,0.001322988
Belarus,1997,59.8598806,65.65629856,14130585516,10117433,2.488219611,20.3219475,0.782137211,0.002602055
Belarus,1998,59.0511293,63.90656844,15221352699,10071963,1.334966767,19.86467491,0.225994396,0.004612762
Belarus,1999,59.20334137,61.63177646,12138243081,10026738,3.657860508,19.50365227,0.852060708,0.024929533
Belarus,2000,69.21082134,72.39834461,12736780455,9979610,0.932731787,19.47853029,1.788444876,0.087675
Belarus,2001,66.74760674,70.29732374,12354820144,9928549,0.775405865,21.55276827,1.348652499,0.139
Belarus,2002,63.62751594,67.37454234,14594900945,9865548,1.693057054,21.02929418,1.17776447,0.179091667
Belarus,2003,65.15637991,68.98547237,17825444724,9796749,0.963790821,21.37930469,1.131716333,0.205127083
Belarus,2004,67.88633336,74.25017703,23141566293,9730146,0.707817258,20.60317892,1.174679878,0.21602575
Belarus,2005,59.79780872,59.08654297,30210091837,9663915,1.014892645,20.78531239,1.282972708,0.215382
Belarus,2006,60.06131177,64.23379212,36961894281,9604924,0.966130137,19.20736246,1.210651947,0.214456417
Belarus,2007,60.94305272,67.21082526,45275711996,9560953,3.991764945,18.52317648,1.092953403,0.214607833
Belarus,2008,60.93775522,68.66172333,60752106347,9527985,3.601356614,16.52497712,1.199824586,0.21363975
Belarus,2009,48.87646182,59.759183,50873167326,9504583,3.688584963,16.10007087,0.73028672,0.279304922
Belarus,2010,51.37288535,64.54508764,57231904543,9483836,2.434656004,16.02139549,0.772806204,0.297851
Belarus,2011,78.46536152,79.50889355,61762382328,9461643,6.480319977,13.44835555,1.170845541,0.497463333
Belarus,2012,78.77690728,74.30836203,65685890439,9446836,2.228180192,13.56669729,1.044646501,0.833689833
Belarus,2013,58.33357811,61.48238713,75527558966,9443211,2.973881363,13.42981131,0.832270804,0.88800525
Belarus,2014,54.94100406,55.71042031,78813069121,9448515,2.362552329,13.75426955,0.734771849,1.02241025
Belarus,2015,58.01076657,57.90405963,56454769845,9461076,2.926767755,14.92176438,0.439126031,1.592598833
Belarus,2016,62.50934712,62.69997578,47723545321,9469379,2.612756432,15.65314011,0.386692378,1.989562833
Belarus,2017,66.7896002,66.57815452,54725405751,9458989,2.332189195,15.65284326,0.509192772,1.932341667
Belarus,2018,70.45504526,68.93869099,60031026576,9438785,2.376271207,15.73949249,0.814823811,2.037608333
Belarus,2019,65.09458399,65.75582211,64410170653,9419758,1.976861708,16.84297951,0.652174604,2.091783333
Belarus,2020,61.01209718,57.92207896,61371673345,9379952,2.270102678,16.96497748,0.365084913,2.439575
Belarus,2021,70.83175504,65.18241284,69673747132,9302585,1.766406879,16.816072,0.814105821,2.538675
Belgium,1995,60.11437172,56.2641961,2.88E+11,10136811,3.711024447,21.29896512,0,29.48001667
Belgium,1996,61.19239096,58.0203848,2.79E+11,10156637,5.03718761,21.71838622,0,30.96151333
Belgium,1997,64.78658108,60.90235898,2.53E+11,10181245,4.74788988,21.15139792,0,35.77389083
Belgium,1998,64.17434502,60.53477761,2.59E+11,10203008,8.776794077,21.09491806,0,36.29864083
Belgium,1999,64.56305952,60.60693102,2.58E+11,10226419,46.34845715,21.28203985,0,0.938283072
Belgium,2000,72.54739516,69.68273991,2.37E+11,10251250,37.4753123,21.04019715,0,1.082705081
Belgium,2001,71.61195892,67.96488091,2.37E+11,10286570,37.25646948,21.31360634,0,1.116533086
Belgium,2002,70.8312977,65.25385179,2.58E+11,10332785,7.01242444,22.13888154,0,1.057558996
Belgium,2003,69.03650851,63.67904433,3.18E+11,10376133,10.86487449,22.48437234,0,0.884047927
Belgium,2004,70.90627745,66.0121279,3.69E+11,10421137,12.05211067,22.19721265,0,0.803921648
Belgium,2005,74.28282892,70.24622175,3.86E+11,10478617,8.727177202,22.09399763,5.74E-05,0.803800192
Belgium,2006,76.80499706,72.76251224,4.08E+11,10547958,14.40787139,21.93878853,0.001535044,0.796432731
Belgium,2007,78.3018047,74.16664217,4.71E+11,10625700,20.50267401,21.61589482,0,0.7296724
Belgium,2008,80.88061998,80.20782782,5.17E+11,10709973,36.80292045,22.66614469,0,0.67992268
Belgium,2009,68.59607707,66.54232865,4.85E+11,10796493,15.94890567,24.10410919,0,0.716957702
Belgium,2010,75.82828987,74.33427375,4.82E+11,10895586,26.05964075,23.72600225,0.027685928,0.75430899
Belgium,2011,80.27136435,80.49415254,5.27E+11,11038264,31.03668843,23.87305562,0.046560846,0.718413899
Belgium,2012,80.04897213,80.33432929,4.98E+11,11106932,2.36956901,24.19307982,0.044732367,0.77833812
Belgium,2013,78.91141344,78.66220934,5.24E+11,11159407,-5.655617849,24.2057918,0.039772883,0.752945123
Belgium,2014,79.39652058,79.17509037,5.38E+11,11209057,-2.826436236,24.1169029,0.048118822,0.752728197
Belgium,2015,77.87773922,77.19094283,4.61E+11,11274196,-4.232614104,23.68120364,0.015727965,0.901296423
Belgium,2016,79.61813171,79.4395649,4.74E+11,11331422,12.13194202,23.34989081,0.011567822,0.903421436
Belgium,2017,83.44440505,83.45967319,5.01E+11,11375158,-7.444237902,23.11780233,0.020516435,0.885205508
Belgium,2018,83.48305672,84.79463616,5.43E+11,11427054,-7.666495387,23.16961913,0.029217776,0.846772667
Belgium,2019,82.96742754,82.49805139,5.37E+11,11488980,-1.972529978,23.00381128,0.027125408,0.893276257
Belgium,2020,79.19687056,77.75325072,5.30E+11,11538604,-5.742352271,24.30080459,0.014757698,0.875506397
Belgium,2021,89.62535511,87.75653733,5.99E+11,11586195,5.905797106,23.83963393,0.031273568,0.845494139
Belize,1995,40.16848788,37.11617117,819050000,204146,2.570050668,13.49123985,0,2
Belize,1996,41.7229829,37.78574367,850850000,210310,1.948639596,13.80971969,0,2
Belize,1997,43.79436684,41.61896038,873400000,217446,1.368788642,15.17059766,0,2
Belize,1998,43.14147391,42.11941904,929500000,225173,1.89887036,15.38461538,0,2
Belize,1999,44.03899025,49.23769058,1000250000,233059,5.865683579,15.04623844,0,2
Belize,2000,42.84836246,53.6921591,1138900000,240799,2.59589533,14.31205549,0,2
Belize,2001,41.86562074,51.24488404,1172800000,248379,5.21613991,15.00682128,0,2
Belize,2002,43.58655044,49.41148114,1244650000,256009,2.04564953,15.42602338,0,2
Belize,2003,44.54121782,49.77461991,1308900000,263780,-0.834651673,15.47100619,0,2
Belize,2004,42.26005639,44.08037977,1400850000,271688,7.959179524,14.95520577,0,2
Belize,2005,45.69646429,47.25583918,1474950000,279731,8.604255461,14.54286586,0.030235666,2
Belize,2006,51.78644377,47.07287182,1591150000,287878,6.83961566,13.66935864,2.156469658,2
Belize,2007,50.55357038,45.34005038,1707100000,296100,8.222935813,14.35182473,2.825299992,2
Belize,2008,53.8271321,51.61308873,1738900000,304361,9.757228678,14.75070447,4.547264788,2
Belize,2009,45.42493337,44.12200178,1688500000,312614,6.445963069,16.13858454,2.970417883,2
Belize,2010,50.72463768,44.30887323,1745700000,320245,5.524997255,16.35447099,3.813659127,2
Belize,2011,56.86762814,50.32702991,1827050000,327298,5.218714605,16.33781232,5.391773591,2
Belize,2012,59.57368807,52.05823819,1909400000,334414,10.17080804,16.07834922,3.61620295,2
Belize,2013,56.08166277,52.71184356,2032750000,341627,4.53807556,16.48013774,2.378159237,2
Belize,2014,55.489302,51.63100666,2138250000,348923,6.598715321,16.25160762,1.668216985,2
Belize,2015,51.57201158,52.50678279,2193050000,356333,2.695753581,17.19067053,0.501874228,2
Belize,2016,47.29488439,49.16971699,2240200000,364705,1.461182528,18.12338184,0.324173048,2
Belize,2017,49.79481975,47.897454,2266300000,373202,1.404563187,18.81922076,0.383066806,2
Belize,2018,51.56437371,49.10062139,2293250000,380226,5.321776821,19.40477488,0.502364607,2
Belize,2019,51.85696939,50.2658795,2388300000,385829,3.932095704,18.75811246,0.336504089,2
Belize,2020,37.71691509,44.10504932,2042850000,390812,3.730220697,17.32873192,0.135640327,2
Belize,2021,47.73708455,51.57918655,2420550000,395346,5.184585867,16.6904216,0.280281956,2
Bolivia,1995,22.55142162,27.18656548,6715161732,7874676,5.847960416,13.57262015,1.675390935,4.800341667
Bolivia,1996,22.58187058,27.27442079,7396949126,8021736,6.409399225,13.32726662,2.082666214,5.0746125
Bolivia,1997,21.11060289,29.35905992,7925736821,8167900,9.218070401,13.903529,1.645570887,5.254258333
Bolivia,1998,19.69868489,32.58247806,8497494652,8313394,11.17152807,14.21887081,1.240332977,5.510133333
Bolivia,1999,16.88089935,27.28735713,8285064435,8459806,12.19664624,14.79789254,1.831480993,5.812408333
Bolivia,2000,18.27474497,27.32303005,8397855485,8606326,8.768309973,14.53929951,3.200719159,6.183541667
Bolivia,2001,19.97214923,25.2556732,8141516928,8752736,8.668605694,15.72413022,2.701914545,6.606916667
Bolivia,2002,21.63445508,27.71580529,7905485146,8900355,8.557893506,15.96789024,3.201434367,7.17
Bolivia,2003,25.60073445,26.36710199,8082399640,9050700,2.442343967,16.52114142,3.578409761,7.659166667
Bolivia,2004,31.13839052,26.32587557,8773451752,9204287,0.745772609,16.2585362,5.088680927,7.936266667
Bolivia,2005,35.54814293,32.09379843,9549122905,9360754,-2.498868245,15.9745575,7.330803,8.0660625
Bolivia,2006,41.77171427,32.76613416,11451844902,9521689,2.451687561,14.35423266,6.905111134,8.011616667
Bolivia,2007,41.79565675,34.26625469,13120108008,9685960,2.791853857,14.0586525,4.874828331,7.851245161
Bolivia,2008,44.90655599,37.9604649,16674276286,9850858,3.072610748,13.27737469,5.133588986,7.238320699
Bolivia,2009,35.72262483,32.90444909,17339992194,10016275,2.439678146,14.70876484,1.999018541,7.02
Bolivia,2010,41.18745614,34.32417011,19649723722,10182345,3.165428676,13.83121845,2.811204142,7.016666667
Bolivia,2011,44.09170185,38.38869357,23963164697,10348929,3.584422514,13.77710153,3.578821298,6.9369625
Bolivia,2012,47.16619662,37.78256454,27084497482,10515807,3.913550146,13.43962697,3.585827067,6.91
Bolivia,2013,44.09247953,37.138428,30659338886,10682608,5.706622119,13.84151434,3.318388378,6.91
Bolivia,2014,43.29308799,41.97138157,32996188017,10848888,1.989824856,14.70704664,3.033323558,6.91
Bolivia,2015,30.86829603,37.06454916,33000198249,11014705,1.68072788,17.49525823,1.140247314,6.91
Bolivia,2016,24.48800554,31.91302896,33941126194,11180020,0.988080149,17.4582522,0.788114698,6.91
Bolivia,2017,24.90414437,31.80050839,37508642171,11344587,1.899493281,17.02164003,1.029867577,6.91
Bolivia,2018,25.98879506,31.12116955,40287647931,11508368,0.750524781,17.52564469,1.44989529,6.91
Bolivia,2019,24.96726228,31.43004444,40895322851,11671386,-0.529735011,18.143092,1.030319168,6.91
Bolivia,2020,20.27258979,25.23067283,36629843806,11816299,-3.083516483,19.73863445,0.497346306,6.91
Bolivia,2021,27.82534591,31.19605065,40406111693,11937360,1.444277611,19.33698458,1.263351874,6.91
Botswana,1995,50.83649784,43.7586738,4730599122,1498836,1.488463067,30.0544448,0,2.772206667
Botswana,1996,53.82844448,37.12713079,4847757218,1535914,1.46835552,26.19377098,0,3.324196667
Botswana,1997,60.88073855,47.7236766,5020265627,1571691,1.994112587,28.18232412,0,3.650763333
Botswana,1998,49.2891721,52.55186722,4790481509,1606899,1.98974017,30.06915629,0,4.22588
Botswana,1999,55.19726829,43.73181291,5484263347,1641997,0.668732763,27.41094735,0,4.62439525
Botswana,2000,51.83181007,40.09291962,5788329609,1677382,0.987700169,24.90272901,0,5.102241667
Botswana,2001,48.65760824,38.86745733,5489608300,1712254,0.558884524,23.48663222,0,5.841416667
Botswana,2002,52.15742678,39.67834728,5438863983,1744763,7.501518584,22.37912599,0,6.327791667
Botswana,2003,48.82685783,37.00718468,7511582173,1775736,5.565281275,22.00871606,0,4.949666667
Botswana,2004,49.61378778,41.38403511,8957467707,1807146,4.363836574,20.53234394,0,4.693833333
Botswana,2005,52.92355354,35.58179851,9918907108,1839877,4.242949051,19.40074506,0,5.11675
Botswana,2006,51.78082676,34.83160715,9919158482,1874516,4.908814694,27.72003486,0,5.8303
Botswana,2007,56.47996293,42.01656201,10567270656,1911201,4.68081345,27.90766861,0,6.139408333
Botswana,2008,46.94690466,52.06131735,10730829116,1949970,4.854404973,30.49585026,0,6.826858333
Botswana,2009,35.83366186,52.64712677,10118459242,1990673,2.062560052,35.93775858,0,7.155141667
Botswana,2010,42.14433151,52.49467057,12637273429,2033111,1.728061348,30.77526003,0,6.793625
Botswana,2011,44.23639792,54.72506986,15110643612,2073535,1.94040749,28.33111948,0,6.838233333
Botswana,2012,48.11502383,63.76025679,13907464500,2108617,1.050401065,31.83837998,0,7.640525
Botswana,2013,61.37976175,64.40327817,14271738933,2140682,0.470417841,31.06332224,0,8.398908333
Botswana,2014,61.28296789,58.2145739,15470088501,2172044,3.330197309,29.2537914,0,8.976083333
Botswana,2015,53.09089734,59.80999367,13530748845,2203273,2.797732675,31.63939897,0,10.12899167
Botswana,2016,54.61135476,45.85333501,15082637184,2234776,0.944944817,28.47572183,0,10.90115833
Botswana,2017,42.92004249,39.00390889,16105155857,2266747,1.617960929,28.87808595,0,10.34741667
Botswana,2018,44.22814392,43.22696007,17031943186,2299141,1.678933864,29.09851895,0,10.199975
Botswana,2019,37.08781766,46.0051637,16725908149,2332083,0.559653498,31.6419395,0,10.75586667
Botswana,2020,31.29036628,46.37305156,14960251611,2365894,0.212513875,36.14314637,0,11.45624167
Botswana,2021,41.91255216,46.84619743,18750182235,2401441,-1.701614702,31.53052637,0,11.08725833
Brazil,1995,7.528875038,9.455584961,7.69E+11,161735073,0.63158602,20.92792486,0.362004919,0.917666667
Brazil,1996,6.730209683,8.905381793,8.50E+11,164202549,1.475965411,19.75082652,0.471367837,1.0051
Brazil,1997,6.983649575,9.592559686,8.83E+11,166661659,2.150453059,19.5352948,0.425301554,1.077991667
Brazil,1998,7.030500339,9.408084592,8.64E+11,169159655,3.340888093,20.07053158,0.269584542,1.160516667
Brazil,1999,9.564898261,11.41726822,6.00E+11,171641543,4.733770227,19.78269077,0.755293266,1.813932847
Brazil,2000,10.188048,12.45171335,6.55E+11,174018282,5.033916805,18.76784574,1.411798708,1.829423122
Brazil,2001,12.37171067,14.56457435,5.60E+11,176301203,4.147593774,19.34329501,1.271476959,2.349631709
Brazil,2002,14.23059027,13.38776713,5.10E+11,178503484,3.253580613,19.80966235,1.679332383,2.920363018
Brazil,2003,15.18078371,12.95960101,5.58E+11,180622688,1.813400524,19.07747849,1.738186651,3.077475118
Brazil,2004,16.54576151,13.13249097,6.69E+11,182675143,2.713531663,18.46758392,1.88707134,2.92511945
Brazil,2005,15.24382927,11.84296594,8.92E+11,184688101,1.733893546,18.89000142,2.36913017,2.434390036
Brazil,2006,14.3743163,11.66738359,1.11E+12,186653106,1.753125704,19.03891695,2.445565602,2.175326667
Brazil,2007,13.3276751,11.96493627,1.40E+12,188552320,3.190826013,18.94298762,2.067082865,1.947058333
Brazil,2008,13.53400051,13.7235689,1.70E+12,190367302,2.990609469,18.83939287,2.442437147,1.833766667
Brazil,2009,10.85137113,11.25460447,1.67E+12,192079951,1.888482241,19.6506384,1.330484982,1.999428173
Brazil,2010,10.86558478,11.90659334,2.21E+12,193701929,3.730012884,19.01685784,1.494367656,1.759226711
Brazil,2011,11.58251268,12.3518925,2.62E+12,195284734,3.915180114,18.66925694,2.046287205,1.672828755
Brazil,2012,11.87753907,13.23673454,2.47E+12,196876111,3.754962856,18.53010327,2.043708176,1.953068611
Brazil,2013,11.74223065,14.04372668,2.47E+12,198478299,3.041509016,18.892479,1.823324291,2.156089151
Brazil,2014,11.01194282,13.67346299,2.46E+12,200085127,3.57135267,19.15353871,1.86374491,2.352951963
Brazil,2015,12.90019142,14.05343452,1.80E+12,201675532,3.592149318,19.77681996,1.039269879,3.326904383
Brazil,2016,12.46667904,12.06700303,1.80E+12,203218114,4.137378039,20.37929743,0.832280474,3.491313422
Brazil,2017,12.51896787,11.8007665,2.06E+12,204703445,3.338259817,20.1619047,1.128368539,3.191389446
Brazil,2018,14.6349995,14.24120388,1.92E+12,206107261,4.078588215,19.89508778,1.901115317,3.653825361
Brazil,2019,14.12291919,14.76733868,1.87E+12,207455459,3.692673213,19.98358129,1.676131158,3.944471097
Brazil,2020,16.45355201,15.84852653,1.48E+12,208660842,2.592637953,20.13515302,1.078727786,5.155178788
Brazil,2021,19.10943037,18.54690039,1.67E+12,209550294,2.779790849,18.54758836,2.604457337,5.39440079
Brunei Darussalam,1995,36.71433987,34.32291419,7700144057,291195,7.568177371,16.44677816,13.79812488,1.417375
Brunei Darussalam,1996,40.00675142,40.47872558,7663377277,298276,8.528876713,16.83374528,16.06642735,1.410040833
Brunei Darussalam,1997,38.13797422,39.01083518,7793034390,305341,9.004708114,16.78312847,14.83821133,1.484805833
Brunei Darussalam,1998,36.8356755,41.89492959,5550846025,312385,10.32725457,21.79785005,8.786452445,1.673601667
Brunei Darussalam,1999,40.69722807,35.29212747,6309070375,319411,11.85386476,20.86294022,14.77342143,1.694956667
Brunei Darussalam,2000,56.97029638,30.08503698,6570999060,326424,8.364135271,25.82035294,23.48963055,1.723963333
Brunei Darussalam,2001,57.92957159,33.17021633,6096155748,333345,0.995621604,29.57622412,16.7426834,1.7917225
Brunei Darussalam,2002,56.65597393,36.56020749,6333082879,340099,3.626542713,27.45450676,16.10969992,1.790588333
Brunei Darussalam,2003,58.42088861,30.66472746,7167725265,346637,1.727478476,24.11599622,16.68761077,1.742183333
Brunei Darussalam,2004,57.76618495,27.11598146,8619178799,352911,1.313418245,22.05672138,19.77800854,1.690228333
Brunei Darussalam,2005,58.57180659,23.04830749,10547202612,358916,1.659857338,18.21759586,25.95672963,1.6643975
Brunei Darussalam,2006,60.16057177,21.4103828,12644616446,364663,0.694676099,17.94238294,30.50035667,1.588933333
Brunei Darussalam,2007,56.96411403,24.04730054,13432029496,370873,1.918069921,22.58694982,27.52368635,1.507101667
Brunei Darussalam,2008,65.9431409,23.80228459,15926456492,377793,1.395065811,16.96405009,26.31493928,1.417166667
Brunei Darussalam,2009,59.70360482,30.58348329,11912904529,384952,2.733059994,22.975226,16.69188095,1.454569273
Brunei Darussalam,2010,67.40825227,27.9632938,13707121031,392332,3.50710079,22.15193576,20.38085707,1.363509474
Brunei Darussalam,2011,69.50634273,30.03158813,18524791071,399389,3.731055683,18.72879673,24.19257556,1.25791302
Brunei Darussalam,2012,70.159731,35.48117115,19048443340,405557,4.540557538,18.43806127,20.24054167,1.249567016
Brunei Darussalam,2013,68.04411777,42.8954818,18094148099,411202,4.286700848,20.16437995,16.49628952,1.25116567
Brunei Darussalam,2014,68.1771019,34.24389914,17097797372,416750,3.356609014,21.41763354,14.67265484,1.267040123
Brunei Darussalam,2015,52.2130113,37.68317708,12930296852,422212,1.324711797,25.06166583,7.679414032,1.374910845
Brunei Darussalam,2016,49.57777733,37.74202392,11400266055,427564,-1.320590472,26.22317853,6.610768627,1.381346877
Brunei Darussalam,2017,49.57330652,35.6035539,12128168047,432772,3.858188215,26.47724701,8.335820391,1.380891164
Brunei Darussalam,2018,51.93323975,41.96482195,13566908401,437810,3.804865525,24.14172864,11.04647686,1.348918565
Brunei Darussalam,2019,57.94604061,50.56361788,13469235348,442680,2.771180083,25.04039625,9.000494713,1.364218514
Brunei Darussalam,2020,57.35611137,52.9348922,12005799664,447404,4.710575649,25.43098623,3.458117812,1.37970343
Brunei Darussalam,2021,80.16891083,66.95420158,14006496614,451721,1.474049829,22.46705911,10.37340344,1.343806963
Bulgaria,1995,32.33953422,22.92320078,18991484420,8406067,0.476002813,15.34816415,0.014559559,0.067170833
Bulgaria,1996,48.49705483,37.32373663,12294964838,8362826,0.886541779,13.84900548,0.021771523,0.177888667
Bulgaria,1997,49.57618754,36.88754893,11316127379,8312068,4.460890047,12.14316755,0.016131319,1.681879167
Bulgaria,1998,41.94134566,35.10385737,15031055047,8256786,3.57471418,18.3452571,0.005027672,1.760358333
Bulgaria,1999,42.7497878,47.32517385,13637098579,8210624,6.004122872,19.60650301,0.016364593,1.836383333
Bulgaria,2000,36.21885676,41.5268474,13245990274,8170172,7.56080762,19.78511197,0.074139153,2.123275
Bulgaria,2001,34.88131742,44.20005133,14183446026,8009142,5.731626859,19.3684559,0.019228425,2.184708333
Bulgaria,2002,33.64730372,41.62230729,16403043850,7837161,5.515194615,19.17815384,0.021052623,2.076975
Bulgaria,2003,34.41694588,44.59693949,21144957990,7775327,9.916258528,20.11058982,0.016183035,1.732701667
Bulgaria,2004,40.95664027,52.10725769,26157743369,7716860,11.74623865,19.36190989,0.028655076,1.575108917
Bulgaria,2005,42.52956575,57.18464546,29868657858,7658972,13.72047901,18.15356665,0.037174268,1.574133333
Bulgaria,2006,46.97787863,64.06958412,34380536496,7601022,22.90387835,18.14694053,0.037211467,1.559266667
Bulgaria,2007,52.35503435,71.17752332,44431257129,7545338,31.22862452,16.68832576,0.03206793,1.42905
Bulgaria,2008,52.47765905,72.21108847,54480684188,7492561,18.89976381,17.14982579,0.038592844,1.337116667
Bulgaria,2009,42.21885009,50.47379552,52023801230,7444443,7.490157326,16.73935743,0.021653353,1.406691667
Bulgaria,2010,50.09804494,53.28247738,50689051382,7395599,3.635696368,16.50243854,0.02532916,1.477391667
Bulgaria,2011,58.78820752,58.62989637,57681293007,7348328,3.647300347,15.84998757,0.036727852,1.406458333
Bulgaria,2012,60.34627469,63.62504802,54297052002,7305888,3.293199049,15.79096253,0.037776158,1.52205
Bulgaria,2013,64.56497865,65.12370434,55819262375,7160005,3.563357729,17.08260701,0.034005616,1.473566667
Bulgaria,2014,64.55081095,65.69756616,57080897012,7073572,1.91587739,16.83307686,0.030965508,1.474183333
Bulgaria,2015,63.78641724,62.95022497,50765918159,6984225,4.375750662,16.08914146,0.014848489,1.7644
Bulgaria,2016,63.86093053,58.94458383,53929397039,6894139,2.759960396,15.58886361,0.010736779,1.768041667
Bulgaria,2017,66.99052142,62.64390763,59167647388,6803468,3.392546584,15.58457694,0.015053995,1.735458333
Bulgaria,2018,65.76513413,63.10043115,66251582036,6710798,2.731798916,16.44139557,0.021568305,1.657041667
Bulgaria,2019,64.18228708,60.84767606,68634004792,6616726,3.236369503,16.77297548,0.018498341,1.747041667
Bulgaria,2020,56.42407172,53.90000941,70550652467,6550696,4.692600117,19.30764507,0.009673336,1.716333333
Bulgaria,2021,61.82065731,59.33669731,84414122840,6507301,2.766480207,18.88518604,0.019392646,1.653775
Burkina Faso,1995,14.14055654,26.60691488,2379517975,10386722,0.412551202,25.19868555,0,499.1484259
Burkina Faso,1996,10.56360521,27.61669256,2586550595,10655942,0.627288329,24.38959409,0,511.5524303
Burkina Faso,1997,10.812531,26.60388778,2447669102,10934223,0.398984078,23.73326288,0,583.6693724
Burkina Faso,1998,12.80810302,28.13168055,2804902367,11240664,0.157122759,22.29735612,0,589.9517746
Burkina Faso,1999,8.354005506,26.90081028,3389566713,11574928,0.233833722,12.05836398,0,615.4733493
Burkina Faso,2000,8.844717485,26.27822449,2968370088,11925546,0.778458188,14.1091885,0,710.207977
Burkina Faso,2001,9.044082767,22.61408805,3190371081,12295001,0.19643671,14.62560116,0,732.3976933
Burkina Faso,2002,8.865365632,22.44715722,3622350063,12680897,0.414815789,14.5898516,0,693.7132265
Burkina Faso,2003,9.220431658,21.14780475,4740768143,13082532,0.614299395,13.58686083,0,579.8974262
Burkina Faso,2004,10.8815873,24.5993563,5451688538,13500533,0.263190384,14.2360467,0,527.3380323
Burkina Faso,2005,9.841847478,24.33032229,6146353173,13932123,0.848145875,13.79282752,0,527.2583626
Burkina Faso,2006,10.9568635,24.14967885,6547419820,14373707,1.280645787,15.10212002,0,522.4256249
Burkina Faso,2007,10.34854222,23.43117507,7625722837,14816307,0.284717939,16.69010982,0,478.6337185
Burkina Faso,2008,10.14932705,25.23598993,9451435490,15258093,0.351169723,14.67009284,0,446.0000414
Burkina Faso,2009,13.78897086,26.50701281,9450696873,15710066,0.59946894,15.21962462,0,470.2934233
Burkina Faso,2010,20.51584886,28.55738968,10109619741,16176498,0.38449222,14.45752802,0,494.7942622
Burkina Faso,2011,26.19550052,31.30175258,12080295978,16661908,1.190744934,14.28662538,0,471.2486257
Burkina Faso,2012,26.59808542,34.64052256,12561015157,17172287,2.621459905,14.25458177,0,510.5563385
Burkina Faso,2013,27.07698545,36.95886585,13444300486,17695409,3.647667731,14.65558629,0,493.8996239
Burkina Faso,2014,26.93200415,31.89155834,13943016077,18229461,2.562551548,15.47477861,0,493.7573299
Burkina Faso,2015,26.10764554,32.98153577,11832159316,18777487,1.959927157,15.94408026,0,591.211698
Burkina Faso,2016,25.9159648,31.977208,12833363045,19334856,3.043803499,16.5070966,0,592.6056151
Burkina Faso,2017,26.45238564,32.81639457,14106955615,19894407,0.018237034,17.73932315,0,580.6567496
Burkina Faso,2018,28.07890614,32.51671948,15890066221,20438288,1.689199429,18.41940948,0,555.4464584
Burkina Faso,2019,29.25769566,31.15099722,16032813503,20961952,1.016478737,20.49994241,0,585.9110132
Burkina Faso,2020,31.77686569,28.96291295,17725010533,21478690,-0.557279534,19.78414015,0,575.5860045
Burkina Faso,2021,32.79707352,29.62328514,19697516284,21995243,-0.405926078,20.24798045,0,554.530675
Cameroon,1995,21.61848797,15.0637847,10864772471,13058516,0.139033996,10.81617124,3.764546856,499.1484259
Cameroon,1996,24.26249197,20.85312013,11093538846,13414757,0.941242104,11.52610394,4.215947934,511.5524303
Cameroon,1997,26.65065533,21.81897994,10789458433,13775214,1.386672915,10.84948811,4.600788844,583.6693724
Cameroon,1998,21.979185,20.31546883,11298144990,14144860,0.488852765,10.55767656,2.051675403,589.9517746
Cameroon,1999,19.42860057,17.80977928,11565826465,14525140,0.30270039,11.06480784,2.739308817,615.4733493
Cameroon,2000,24.85681273,23.07113151,10566579295,14912631,1.511444733,10.79211344,5.653501063,710.207977
Cameroon,2001,25.26121725,26.31105194,10953485349,15309490,-0.106526708,11.67116711,3.597171992,732.3976933
Cameroon,2002,22.98615837,25.49556436,12417251350,15725528,4.068984585,11.160752,3.052841079,693.7132265
Cameroon,2003,19.43691146,20.80628113,15970315035,16160340,2.096943831,11.19422637,2.316763952,579.8974262
Cameroon,2004,20.54757371,21.29016872,18826214136,16610487,0.361118041,10.995433,2.759394459,527.3380323
Cameroon,2005,22.2454564,22.75222495,19509852207,17074594,1.248608313,10.69015409,5.284394334,527.2583626
Cameroon,2006,24.17909406,22.92534012,20910512975,17550407,0.282739555,9.921182378,6.183429692,522.4256249
Cameroon,2007,26.9786418,26.23704906,23928250433,18049896,0.792290666,10.070574,6.039588918,478.6337185
Cameroon,2008,27.00836547,29.91605169,27715142033,18574056,0.075754668,11.04109159,7.121075841,446.0000414
Cameroon,2009,19.58241528,22.59369207,27932970317,19113974,2.671669502,11.26066869,3.186419384,470.2934233
Cameroon,2010,22.3688903,24.8696951,27507501821,19668066,1.949523867,11.41305741,4.141914217,494.7942622
Cameroon,2011,24.22968662,27.29230098,30630910495,20232304,2.132703913,12.05470465,5.258043107,471.2486257
Cameroon,2012,23.87672384,26.15928888,30155062329,20809529,1.748840476,12.25795412,5.261703448,510.5563385
Cameroon,2013,23.63910867,26.03542768,33728621180,21402376,1.622968063,12.26440519,4.195976853,493.8996239
Cameroon,2014,23.60997553,27.22241378,36386544706,22059893,1.994843277,12.05893304,3.678356287,493.7573299
Cameroon,2015,20.98914963,24.5509972,32210233020,22763414,2.15564021,12.25388558,1.896643445,591.211698
Cameroon,2016,18.94997876,21.68865277,33814337044,23454161,1.963349435,12.12434562,1.555469401,592.6056151
Cameroon,2017,18.35109858,20.84792302,36098547033,24128601,2.256209759,11.68042445,2.197075628,580.6567496
Cameroon,2018,18.73625347,21.85134941,39955552190,24806383,1.914857813,11.92001884,2.784301337,555.4464584
Cameroon,2019,19.85009075,23.5284225,39667757528,25506095,2.583406025,12.09635125,2.422693976,585.9110132
Cameroon,2020,15.23573698,18.50309438,40773241177,26210558,1.655956147,12.2819317,1.280587793,575.5860045
Cameroon,2021,16.50888404,20.22195068,45011937347,26915758,2.140613269,12.04323631,2.361599532,554.530675
Canada,1995,36.09805428,32.9636938,6.06E+11,29302311,2.253873035,21.65854398,1.03435296,1.372445418
Canada,1996,37.09843993,33.16163352,6.31E+11,29610218,1.398281933,20.76051889,1.296742028,1.363521636
Canada,1997,38.13297019,36.20363989,6.55E+11,29905948,2.317969735,19.85334576,0.806571446,1.384598028
Canada,1998,40.02917476,38.0520106,6.34E+11,30155173,3.939938217,19.83660433,0.351268173,1.483505302
Canada,1999,41.861185,38.25384431,6.78E+11,30401286,4.04710364,19.32073772,0.764045567,1.485704819
Canada,2000,44.20923582,38.55612203,7.45E+11,30685730,9.171024287,19.10641618,1.471179473,1.485394095
Canada,2001,42.03995509,36.3042633,7.39E+11,31020855,3.841921293,19.50932038,0.858857509,1.548839955
Canada,2002,40.05865859,35.64837348,7.61E+11,31359199,3.219147678,19.77871921,0.955943439,1.570342834
Canada,2003,36.8659852,32.97410942,8.96E+11,31642461,0.782967555,19.89620177,1.125785762,1.401014548
Canada,2004,37.32777131,32.86464868,1.03E+12,31938807,0.141465896,19.41748445,1.497559445,1.301281595
Canada,2005,36.85670732,32.90242569,1.17E+12,32242732,2.178163809,19.07591098,1.784986815,1.211405134
Canada,2006,35.40245922,32.64970526,1.32E+12,32571193,4.87410129,19.24876418,1.797844872,1.134344726
Canada,2007,34.22955516,32.05386458,1.47E+12,32888886,8.200559049,19.2505356,1.795728604,1.074045622
Canada,2008,34.39500555,32.62860281,1.55E+12,33247298,4.515137142,19.71943948,2.540023523,1.067086918
Canada,2009,28.51583432,29.95855751,1.37E+12,33630069,1.524131181,21.96458551,1.331421712,1.141535406
Canada,2010,29.16738193,31.04073957,1.62E+12,34005902,1.837256387,21.47545746,1.360359817,1.030112735
Canada,2011,30.67839192,31.82034685,1.79E+12,34339221,2.137833108,21.14586686,1.652062577,0.989258159
Canada,2012,30.35302552,32.24252342,1.83E+12,34713395,2.700169009,21.05784518,0.873035162,0.999364744
Canada,2013,30.33193867,31.89913623,1.85E+12,35080992,3.629803984,20.70433471,1.250093555,1.030137364
Canada,2014,31.73657587,32.64208628,1.81E+12,35434066,3.55390337,20.26656013,1.165126995,1.104747132
Canada,2015,31.84996096,34.3149411,1.56E+12,35704498,3.853894537,20.87782513,0.034589158,1.278786204
Canada,2016,31.50257241,33.86111211,1.53E+12,36110803,2.238350121,21.04804019,0.471724709,1.325615164
Canada,2017,31.45441015,33.6466507,1.65E+12,36545075,1.53752072,20.70333139,0.816766635,1.297935846
Canada,2018,32.32540373,34.27448212,1.73E+12,37072620,2.469312073,20.6814327,1.505628729,1.295817928
Canada,2019,32.35269582,33.81878946,1.74E+12,37618495,2.80676687,20.66349609,1.619950096,1.326793363
Canada,2020,29.47364723,31.68312373,1.66E+12,38028638,1.758970857,22.70110776,0.888908482,1.341152672
Canada,2021,31.1750783,31.07175842,2.02E+12,38239864,2.976182882,21.28428978,2.829785289,1.253876902
Cambodia,1995,31.18418153,46.58254651,3441205693,10018497,4.382185009,5.841334127,0,2450.833333
Cambodia,1996,25.36400674,43.79756006,3506695720,10801270,8.372554207,5.749843143,0,2624.083333
Cambodia,1997,33.61693558,45.31770888,3443413389,11570982,5.915641749,5.450695658,0,2946.25
Cambodia,1998,31.23814579,44.38132721,3120425503,12058173,3.713331177,4.804494135,0,3744.416667
Cambodia,1999,40.54418618,53.6327019,3517242477,12265731,2.906419522,4.943154789,0,3807.833333
Cambodia,2000,49.30490027,61.09222503,3694168979,12462336,3.202575924,5.17583102,0,3840.75
Cambodia,2001,51.1797752,60.59196604,4145665970,12658484,3.533376691,5.218294667,0,3916.333333
Cambodia,2002,54.18895048,64.0806116,4501227627,12855241,2.909347732,5.520289718,0,3912.083333
Cambodia,2003,54.22862402,65.84634508,5046693484,13050968,1.61651685,5.713380546,0,3973.333333
Cambodia,2004,60.81835737,70.53312369,5883297160,13244731,2.233717348,5.567456446,0,4016.25
Cambodia,2005,61.03991636,72.51204891,7066296463,13439202,5.366038526,5.352443111,0,4092.5
Cambodia,2006,64.67232933,75.67640499,8350531017,13639028,5.786570719,5.094138939,0,4103.25
Cambodia,2007,61.13658699,72.56343683,10127916460,13841770,8.563346095,5.756056293,0,4056.166667
Cambodia,2008,61.77878568,68.61472499,12174303999,14053479,6.695908185,5.762840421,0,4054.166667
Cambodia,2009,46.21099501,56.07695401,12502901170,14276810,7.425425545,6.296904564,..,4139.333333
Cambodia,2010,50.22654285,59.77185775,13808673288,14500726,10.16980719,6.475082916,0,4184.916667
Cambodia,2011,49.92117726,59.8693279,16032622024,14722584,9.598451349,6.160172099,0,4058.5
Cambodia,2012,53.28500259,63.45523083,17826536700,14945085,11.15249124,5.945607568,0,4033
Cambodia,2013,56.62056577,68.26698699,19807135253,15170208,10.44305876,5.829002849,0,4027.25
Cambodia,2014,56.62954803,67.8253605,22041463968,15396772,8.409020203,5.640930453,0,4037.5
Cambodia,2015,55.98122031,66.1283765,24174170369,15623251,7.54029662,5.461082875,0,4067.75
Cambodia,2016,56.43183772,66.27271788,26556545153,15852803,9.323185073,5.320850037,0,4058.694579
Cambodia,2017,56.30005367,64.85539763,29355665910,16073372,9.497602031,5.244503357,0,4050.579986
Cambodia,2018,55.47139736,62.96625806,33145892169,16274522,9.692403,4.948207579,0,4051.1669
Cambodia,2019,55.44686797,60.2898111,36685356408,16481304,9.985000442,4.809338638,0,4061.148963
Cambodia,2020,59.92179794,62.18359841,34818073901,16725474,10.41023981,5.422165844,0.000136728,4092.783219
Cambodia,2021,72.36103464,73.81881187,36790163687,16974305,9.468459111,6.565786405,0.041031757,4098.722795
Central African Republic,1995,22.22094496,28.25494616,1115389674,3348052,0.555910651,14.91329064,0,499.1484259
Central African Republic,1996,21.47038628,25.61401875,1007791127,3435965,1.084111549,12.90660621,0,511.5524303
Central African Republic,1997,26.88428026,28.9342281,937741513,3531700,0.159683663,11.85407002,0,583.6693724
Central African Republic,1998,22.65688657,28.3926453,967338389.7,3628827,0.754709012,11.46030283,0,589.9517746
Central African Republic,1999,19.22365028,23.98869362,999477510.7,3729450,0.598007453,16.98323652,0,615.4733493
Central African Republic,2000,20.37221359,25.2875684,916777282.7,3833416,0.096977752,16.28453179,0,710.207977
Central African Republic,2001,17.15725384,22.5732459,932648604.8,3919487,0.555825632,14.01013716,0,732.3976933
Central African Republic,2002,15.96270494,20.14585984,996068144.9,4006077,0.566657013,13.82937553,0,693.7132265
Central African Republic,2003,18.23600384,17.99522216,1142315523,4103086,0.989218808,10.35783884,0,579.8974262
Central African Republic,2004,13.99791751,19.24603741,1272360517,4192826,1.186770557,10.43260003,0,527.3380323
Central African Republic,2005,13.36275333,21.70818354,1337894379,4288810,0.75491759,8.707973735,0,527.2583626
Central African Republic,2006,14.31600515,22.07986508,1461859762,4377579,2.37163652,6.858067101,0,522.4256249
Central African Republic,2007,14.11532742,23.4655716,1699811295,4462770,3.338605889,6.366866727,0,478.6337185
Central African Republic,2008,11.0036647,23.43385711,1993407888,4558984,5.874863879,7.052392414,0,446.0000414
Central African Republic,2009,9.841649902,21.65259659,2067381665,4529047,2.045098915,7.184390029,0,470.2934233
Central African Republic,2010,11.62580107,22.80468088,2142591540,4492995,2.871289223,7.6361827,0,494.7942622
Central African Republic,2011,13.1278201,21.34779823,2437982705,4565021,1.51389343,7.147708757,0,471.2486257
Central African Republic,2012,11.550133,21.50931559,2510126512,4610848,2.790104788,10.91988598,0,510.5563385
Central African Republic,2013,14.97295479,23.42633278,1691544110,4642419,0.109532467,17.35920513,0,493.8996239
Central African Republic,2014,16.67578759,36.41930443,1894813389,4623182,0.183395896,15.53093382,0,493.7573299
Central African Republic,2015,17.06766062,36.07748715,1695825714,4629320,0.176904972,14.77679854,0,591.211698
Central African Republic,2016,14.82187966,35.70876436,1825018145,4713663,0.39759002,14.40810862,0,592.6056151
Central African Republic,2017,17.25977376,39.88377195,2072349973,4793511,0.332412483,14.06703431,0,580.6567496
Central African Republic,2018,15.94003,33.72017,2220979146,4878657,0.810612744,7.700010003,0,555.4464584
Central African Republic,2019,15.75538,34.31042,2221301351,4944703,1.152529799,8.044640002,0,585.9110132
Central African Republic,2020,15.17248,34.34854,2326720900,5026628,0.074669893,9.677040002,0,575.5860045
Central African Republic,2021,13.22746,30.93166,2516498412,5112100,0.214980465,9.140750003,0,554.530675
Chad,1995,21.92901755,33.76753903,1445919895,7089064,2.255420243,7.268659871,0,499.1484259
Chad,1996,17.54350925,29.06652395,1607345356,7410108,2.455363426,7.895576435,0,511.5524303
Chad,1997,18.54383608,30.76926506,1544689577,7670366,2.867497824,6.527305189,0,583.6693724
Chad,1998,18.49162606,29.56735683,1744794531,7938840,1.24350917,5.628532784,0,589.9517746
Chad,1999,18.31812077,32.18974699,1534673583,8222705,1.598057741,6.926312606,0,615.4733493
Chad,2000,16.89009643,34.68107558,1388506772,8512093,8.294696314,7.71826323,0,710.207977
Chad,2001,14.66578754,49.6561205,1710843377,8804124,26.87951429,7.489949809,0,732.3976933
Chad,2002,12.6899406,113.6608673,1997005709,9116192,46.27524127,7.705368022,0,693.7132265
Chad,2003,24.63296691,58.74594805,2742815072,9487833,25.98292015,7.587906257,4.743834478,579.8974262
Chad,2004,51.00885806,50.75973286,4422855661,9920036,10.55411991,4.908589657,29.85996447,527.3380323
Chad,2005,44.59234901,32.98514464,8655892393,10328092,-1.147686633,7.827517819,32.66662599,527.2583626
Chad,2006,44.77582221,32.30575439,9709626596,10706424,-2.86740172,8.389564988,30.85124101,522.4256249
Chad,2007,43.46879454,31.63720173,10865385132,11081660,-2.960364461,10.55129165,28.95740964,478.6337185
Chad,2008,40.07138689,28.99638771,13385593990,11476296,3.482333323,10.86139012,29.66429416,446.0000414
Chad,2009,32.87715164,31.98259955,12317614054,11893754,3.043608919,12.27873916,14.67561594,470.2934233
Chad,2010,34.43835341,29.29281571,14058506664,12312575,2.226410013,10.93707143,20.03174659,494.7942622
Chad,2011,32.66266691,24.88108928,16685349674,12754997,1.689506097,12.02192122,24.39837305,471.2486257
Chad,2012,33.39800054,20.9871882,17892228570,13210998,3.240474141,11.48881926,20.53119508,510.5563385
Chad,2013,30.1515042,21.37931226,17865316886,13691079,2.91179134,11.3877074,15.77919428,493.8996239
Chad,2014,23.13903596,17.67259102,18144336904,14188678,-3.72317778,8.71275886,11.36793391,493.7573299
Chad,2015,27.90848006,20.60301814,14559599500,14647621,3.843800923,6.99882929,6.296996298,591.211698
Chad,2016,22.60798635,21.35002858,13026289836,15114655,1.878371532,10.83124084,6.596878762,592.6056151
Chad,2017,23.18561577,20.10444562,13349041409,15622759,2.722155313,9.568130709,10.27500968,580.6567496
Chad,2018,25.84478127,20.89365052,15327000249,16156531,3.007049667,8.15520088,16.61216737,555.4464584
Chad,2019,24.96845697,21.70926775,14905517743,16685223,3.801538194,8.48865155,15.57075954,585.9110132
Chad,2020,21.28684643,19.35597063,14932897821,17224679,3.734656908,9.637136777,9.228171479,575.5860045
Chad,2021,26.2833493,17.66315481,16871937698,17828273,4.17913326,9.335531707,16.75156616,554.530675
China,1995,17.86242917,16.24252299,7.38E+11,1204855000,4.856358996,13.45463216,1.62342402,8.351416667
China,1996,17.82471046,15.80404077,8.69E+11,1217550000,4.626239797,13.34540912,1.842321523,8.314175
China,1997,19.36929459,14.94428173,9.68E+11,1230075000,4.695306883,13.90601433,1.44303352,8.289816667
China,1998,18.19922675,13.97251318,1.04E+12,1241935000,4.400973622,15.09703146,0.634591601,8.278958333
China,1999,18.00069059,15.22484749,1.10E+12,1252735000,3.715563938,16.51212698,1.087277201,8.27825
China,2000,20.68159936,18.32934311,1.22E+12,1262645000,3.439847253,16.98345451,2.039051752,8.278504167
China,2001,20.07768738,18.00495957,1.36E+12,1271850000,3.472452356,16.56557353,1.320584977,8.277068333
China,2002,22.35182337,19.84261897,1.49E+12,1280400000,3.562414183,16.22333287,1.244093695,8.2769575
China,2003,26.60237385,24.47510628,1.68E+12,1288400000,3.438495377,15.46313496,1.28559249,8.277036667
China,2004,30.60971625,28.03061779,1.98E+12,1296075000,3.432990151,14.77689554,1.635063697,8.276800833
China,2005,33.36879775,27.99127719,2.32E+12,1303720000,4.49218509,14.98002975,2.230614735,8.194316667
China,2006,35.52684687,28.04273299,2.79E+12,1311020000,4.444997439,15.03295019,2.225524461,7.973438333
China,2007,34.90669562,26.35976838,3.60E+12,1317885000,4.335375002,14.84358616,1.759830536,7.6075325
China,2008,32.0925136,24.6186194,4.67E+12,1324655000,3.675207175,14.72891713,1.990286034,6.948655
China,2009,24.33077181,20.08899262,5.19E+12,1331260000,2.525389843,14.99319082,0.89905054,6.831416052
China,2010,26.72274515,23.13132708,6.19E+12,1337705000,3.935419967,14.83778422,1.222573621,6.770269029
China,2011,26.15188289,23.79394433,7.67E+12,1345035000,3.650691902,15.5115435,1.54520918,6.461461327
China,2012,25.07670433,22.40350875,8.67E+12,1354190000,2.780991382,15.9047697,1.283486792,6.312332827
China,2013,24.16334309,21.75269829,9.74E+12,1363240000,2.985987083,15.94628371,1.076140823,6.195758346
China,2014,23.07197669,20.99647979,1.07E+13,1371860000,2.511558837,15.87831888,0.88810039,6.143434094
China,2015,20.93906422,17.75812061,1.13E+13,1379860000,2.149572847,16.25781215,0.335243616,6.227488673
China,2016,19.20365074,16.97351996,1.15E+13,1387790000,1.525394703,16.40046611,0.245866848,6.644477829
China,2017,19.33563017,17.61522245,1.25E+13,1396215000,1.324689717,16.50176089,0.313804041,6.758755086
China,2018,18.7705198,18.12386459,1.41E+13,1402760000,1.663619923,16.83653841,0.413038668,6.615957177
China,2019,18.05570696,17.14371331,1.46E+13,1407745000,1.285492268,17.15101239,0.298457755,6.90838501
China,2020,18.20358217,15.83536862,1.50E+13,1411100000,1.687707563,17.60379782,0.114304452,6.900767269
China,2021,19.52624222,16.99444895,1.82E+13,1412360000,1.890345414,16.35120457,0.308578757,6.44897518
Chile,1995,28.4806033,26.2068803,73820425702,14527381,4.005666415,9.779089794,0.05779701,396.7733333
Chile,1996,25.9504475,27.97030239,78584098984,14734046,6.1267051,11.30423878,0.059695939,412.2666667
Chile,1997,25.87800427,28.22129391,85741415285,14932434,6.148020746,11.43764382,0.038289499,419.295
Chile,1998,25.14358142,28.6925971,81990010704,15127799,5.644368062,11.80758644,0.023470087,460.2875
Chile,1999,28.30911389,26.38649595,75578685736,15319313,11.59191395,12.6522046,0.04182503,508.7766667
Chile,2000,30.12375388,28.58816921,78339750721,15503635,6.203767082,12.59092587,0.064809315,539.5875
Chile,2001,31.84731127,30.2974557,71574739561,15683849,5.867660958,12.64309768,0.051019074,634.9383333
Chile,2002,32.25722035,30.22663155,70264045939,15857925,3.629058231,12.74859387,0.05017094,688.9366667
Chile,2003,35.06097453,30.63244506,76492579644,16024752,4.556949756,12.17818844,0.050628332,691.3975
Chile,2004,39.68574951,30.20361054,99075985774,16187322,5.015071381,11.43020951,0.048041803,609.5291667
Chile,2005,40.17557201,31.88696223,1.22E+11,16348778,4.898706983,10.95363055,0.04666815,559.7675
Chile,2006,43.8656742,29.84596084,1.54E+11,16509195,3.091019719,10.29711546,0.03052,530.275
Chile,2007,45.1298519,31.84717282,1.72E+11,16671581,6.113489944,10.54595528,0.024441296,522.4641667
Chile,2008,41.16256079,39.51406545,1.80E+11,16838988,10.45711129,11.26492919,0.039414342,522.4610358
Chile,2009,37.1156348,29.57039617,1.72E+11,17009731,7.422562479,12.86852779,0.024196315,560.8598948
Chile,2010,37.90399432,31.81368582,2.17E+11,17181464,6.841446868,12.54617695,0.017716701,510.2491667
Chile,2011,37.68978027,34.79186253,2.51E+11,17351816,10.48977381,12.31119091,0.02029969,483.6675
Chile,2012,33.8455905,34.31055239,2.67E+11,17519119,11.909745,12.32593151,0.03392427,486.4713034
Chile,2013,32.08746359,33.05582436,2.77E+11,17687006,7.61396399,12.78558422,0.037141923,495.2728776
Chile,2014,33.00390297,32.63072516,2.60E+11,17864195,9.835003714,13.22632598,0.029954582,570.3482161
Chile,2015,29.19107949,30.15803099,2.42E+11,18047625,7.327803487,13.59211772,0.00702175,654.1240843
Chile,2016,27.92315811,28.13470298,2.49E+11,18267221,4.557074882,14.34266762,0.007165678,676.957736
Chile,2017,28.33137683,27.69478213,2.76E+11,18558868,1.896470298,14.6487132,0.008333392,648.8337926
Chile,2018,28.52904474,29.64800589,2.96E+11,18893191,2.684613452,14.85647376,0.01220964,641.2768131
Chile,2019,27.87466776,29.73708681,2.78E+11,19197744,4.879561641,15.25395573,0.011384612,702.8974226
Chile,2020,31.33039024,26.85247332,2.54E+11,19370624,4.506101397,16.02636187,0.007348342,792.7272061
Chile,2021,31.99279527,32.88461106,3.15E+11,19456334,4.813089981,14.73731224,0.012698324,758.9553787
Colombia,1995,14.53374289,20.96348743,92495970511,35804662,1.046930227,14.94837659,2.53983784,912.895
Colombia,1996,15.1994617,20.84464548,97153389011,36462745,3.202849248,17.99453387,3.290621715,1036.6225
Colombia,1997,14.84154374,20.75552435,1.07E+11,37121149,5.215075278,19.92131364,2.73078986,1141.116667
Colombia,1998,15.00735084,20.90157222,98486358581,37792165,2.872302624,20.30693579,1.797521391,1426.424167
Colombia,1999,18.34657875,17.80270056,86278947637,38454863,1.747711547,22.16059307,3.891822808,1756.685833
Colombia,2000,15.91513972,16.75194575,99875074951,39089934,2.439507479,16.47285056,5.136914574,2087.918333
Colombia,2001,15.38713577,18.51397603,98200641203,39709262,2.588519363,16.56623172,3.389529121,2299.893333
Colombia,2002,14.81556968,18.16706954,97945812803,40324680,2.178447514,16.04089303,3.472349145,2504.680833
Colombia,2003,16.57529971,19.94088381,94644969157,40937429,1.817839311,15.61034717,3.700733133,2877.543333
Colombia,2004,16.77075142,19.09267551,1.17E+11,41543171,2.660834888,15.68159812,3.846402849,2628.368333
Colombia,2005,16.97104374,20.45165376,1.46E+11,42128977,7.029794014,13.95617207,4.661875302,2321.131667
Colombia,2006,17.72858775,21.91276821,1.62E+11,42691084,4.172385101,13.8806197,5.146279561,2358.594605
Colombia,2007,16.43314213,20.66575497,2.06E+11,43235374,4.308676806,13.73002945,4.237089282,2077.810958
Colombia,2008,18.10959514,21.05805428,2.43E+11,43758808,4.356278346,13.14394591,5.533926293,1965.1375
Colombia,2009,16.42449569,18.73163282,2.32E+11,44271541,3.456270652,13.80414455,3.270492683,2157.598333
Colombia,2010,16.34084476,17.92375841,2.86E+11,44777319,2.244335956,13.76024703,4.392079787,1898.9975
Colombia,2011,19.27650507,20.19391848,3.35E+11,45259614,4.372695361,13.34926166,6.932640672,1848.016667
Colombia,2012,18.81120528,20.02394574,3.71E+11,45715810,4.057280413,13.47547738,6.205321688,1798.011667
Colombia,2013,18.08643972,19.90020908,3.82E+11,46151584,4.24252458,14.09732346,5.874122178,1868.895
Colombia,2014,16.63474911,20.85271653,3.81E+11,46565429,4.241072567,14.24375052,5.263761782,2001.105
Colombia,2015,15.65021151,22.71055261,2.93E+11,46969940,3.959398549,14.81162979,2.627708088,2741.781667
Colombia,2016,14.71713928,21.48551371,2.83E+11,47437512,4.901645729,14.54128472,1.861767318,3055.255
Colombia,2017,15.14528975,20.13762519,3.12E+11,48131078,4.393182328,14.88064263,2.42584235,2951.486911
Colombia,2018,15.89971968,20.63503312,3.34E+11,49024465,3.380835732,15.42148086,3.640066604,2955.70397
Colombia,2019,15.86803865,21.69049533,3.23E+11,49907985,4.330582409,15.77323342,3.142710082,3281.622194
Colombia,2020,13.52227556,20.53329541,2.70E+11,50629997,2.75889429,17.15883586,1.562797903,3693.275833
Colombia,2021,16.19700595,23.86214044,3.19E+11,51188173,3.001756938,16.04633106,3.424024876,3744.244167
Comoros,1995,8.836404835,26.9208337,398461797,490586,0.223239724,11.04466806,0,374.3570933
Comoros,1996,8.836459362,26.92135571,396053805.9,499107,0.128770382,11.04508062,0,383.6599915
Comoros,1997,8.836305513,26.9207384,364445600.5,507777,0.005487787,11.04522519,0,437.7470875
Comoros,1998,8.836263488,26.92098658,370106745.9,516597,0.103813293,11.04502403,0,442.4588359
Comoros,1999,8.835953071,26.92120402,382454989.9,525886,0.070858011,11.04479978,0,461.7929985
Comoros,2000,8.836314059,26.92116449,351136579.6,536080,0.026667686,11.04499158,0,532.6559828
Comoros,2001,8.836260798,26.92096808,378512024.1,547220,0.302740713,11.04484503,0,549.2982699
Comoros,2002,8.836176751,26.92094232,425964681,558923,0.101045936,11.04488253,0,520.2849199
Comoros,2003,8.836129879,26.92082925,546885222.7,569798,0.145047572,11.04505724,0,434.9230696
Comoros,2004,8.836027179,26.92103594,633706110.8,580704,0.106131276,11.04483448,0,395.5035242
Comoros,2005,8.836281081,26.92112825,653845169.2,592677,0.085473722,11.04506128,0,395.443772
Comoros,2006,8.836179333,26.92109523,698431793.9,604753,0.111452574,11.04513281,0,391.8192187
Comoros,2007,8.975341967,24.18083725,795673152.9,616927,0.966721984,10.72412622,0,358.9752889
Comoros,2008,8.221347229,27.99717913,915659108,629307,0.507893616,10.93415348,0,334.5000311
Comoros,2009,9.311938672,28.58498365,905341172.7,641947,1.528661082,11.47677026,0,352.7200675
Comoros,2010,9.638897039,29.91120876,907979446.4,654836,0.919669135,11.13883502,0,371.0956967
Comoros,2011,9.956403748,30.04454484,1023087476,668056,2.259673888,10.65995053,0,353.4364693
Comoros,2012,8.945874383,31.86456802,1015842907,681630,1.021338771,10.04360654,0,382.9172538
Comoros,2013,9.048395318,30.19493511,1116223107,696192,0.379103422,9.326766553,0,370.4247179
Comoros,2014,9.676472478,29.55935194,1149587624,711503,0.407499052,10.27523269,0,370.3179974
Comoros,2015,10.13619831,27.66875376,966029599.8,726682,0.511029839,10.59190468,0,443.4087735
Comoros,2016,10.67289558,26.45998414,1012835493,741741,0.352458396,10.61491606,0,444.4542113
Comoros,2017,11.90131645,28.26304247,1077439756,756669,0.363776536,10.82377663,0,435.4925622
Comoros,2018,12.90902299,30.08713035,1188797450,771590,0.477150092,10.22968894,0,416.5848438
Comoros,2019,12.77346063,29.4946179,1195019531,786578,0.359894031,10.0948841,0,439.4631103
Comoros,2020,5.671752108,28.05818251,1225039196,802163,0.316385475,10.5607884,0,430.7209122
Comoros,2021,9.91703418,32.15068947,1299039312,818174,0.309826819,10.12671581,0,415.9558491
"Congo, Dem. Rep.",1995,28.48228831,23.72624311,5643439376,44433704,-0.396035086,4.913705553,1.80440473,0.070244717
"Congo, Dem. Rep.",1996,30.00276309,30.31349366,5771456952,45296124,0.429527591,6.200801208,2.195152582,0.501849175
"Congo, Dem. Rep.",1997,18.75000023,15.00000019,6090838693,46029902,-0.728142744,7.801250098,1.820308121,1.3134476
"Congo, Dem. Rep.",1998,29.79008829,32.88921844,6217805821,47297600,0.986360812,8.100181264,0.797078596,1.606659883
"Congo, Dem. Rep.",1999,23.63566992,17.5419909,4711259427,48912971,0.236879335,5.912303276,1.739757066,4.018333332
"Congo, Dem. Rep.",2000,11.44961203,15.56479089,19088046306,50507442,0.493452282,2.05758943,0.862629545,21.81833333
"Congo, Dem. Rep.",2001,11.98768483,13.05425268,7438189100,52132646,1.37428477,3.800208127,1.717287797,206.6174999
"Congo, Dem. Rep.",2002,15.67134281,13.64550284,8728038525,53750524,2.14937972,5.87923215,1.452143369,346.4849999
"Congo, Dem. Rep.",2003,24.00044304,30.03091314,8937567060,55343867,4.377642342,4.945813468,1.593530421,405.1781832
"Congo, Dem. Rep.",2004,22.72951351,26.60690111,10297483481,56997741,3.972162818,6.254870403,2.137523297,399.4757917
"Congo, Dem. Rep.",2005,22.94418278,29.37042192,11964484466,58775724,1.50445262,5.399832277,2.664131543,473.9080083
"Congo, Dem. Rep.",2006,21.70009853,26.26316109,14451901696,60615908,1.772085123,5.952653661,2.583331837,468.278825
"Congo, Dem. Rep.",2007,39.07191379,41.07014126,16737071816,62477752,10.80236746,6.947721592,2.54642185,516.7498917
"Congo, Dem. Rep.",2008,39.02779926,44.74449239,19788515590,64390664,8.726273541,8.251785375,2.832935681,559.2925083
"Congo, Dem. Rep.",2009,26.81378781,36.13309155,18648372553,66412044,-1.30413525,7.08993893,1.379073937,809.7858333
"Congo, Dem. Rep.",2010,41.11115415,49.63645614,21565721045,68563038,12.7160135,7.295109631,1.806062912,905.9134583
"Congo, Dem. Rep.",2011,39.51561667,45.68252753,25839749199,70849311,6.176624593,8.064458772,2.442843202,919.4913
"Congo, Dem. Rep.",2012,30.80300902,37.54870238,29306235285,73254618,9.866868879,7.821260076,2.057359502,919.7550167
"Congo, Dem. Rep.",2013,36.44586131,41.02008384,32679745048,75789395,5.194611611,8.18503982,1.562459598,919.5659074
"Congo, Dem. Rep.",2014,36.83218885,41.85796127,35909040926,78403242,4.176029529,8.321767277,1.057458116,925.2262825
"Congo, Dem. Rep.",2015,27.7255678,31.60686316,37917706497,81035531,3.07434209,9.056194741,0.345534122,925.9849613
"Congo, Dem. Rep.",2016,23.9564422,31.96876806,37134801555,83956415,2.510784036,7.437957422,0.30667811,1010.302757
"Congo, Dem. Rep.",2017,35.25052218,39.04085744,38019264795,87083398,2.756443314,5.45682326,0.659902411,1464.417932
"Congo, Dem. Rep.",2018,32.55352826,37.36620089,47568210010,90047644,2.959042579,6.317593895,0.783495114,1622.523502
"Congo, Dem. Rep.",2019,25.8676651,29.36749294,51775829877,92947442,2.60931448,6.929147319,0.629309383,1647.760127
"Congo, Dem. Rep.",2020,28.60495153,29.8868058,48716961860,95989998,3.075078475,7.575638237,0.358850561,1851.122162
"Congo, Dem. Rep.",2021,40.38582957,40.09548186,55328482784,99148932,3.032206389,8.261796258,0.649836903,1989.391471
"Congo, Rep.",1995,64.70457016,63.6079341,2116003868,2749461,5.329956449,15.72384927,31.39052481,499.1484259
"Congo, Rep.",1996,68.45821343,59.94944987,2540697539,2826785,2.457105485,12.84604139,34.24662908,511.5524303
"Congo, Rep.",1997,75.59663937,60.16154016,2322719103,2887862,-2.118241498,20.94740724,38.84298156,583.6693724
"Congo, Rep.",1998,76.27762977,72.62403269,1949481379,2952061,-8.703069305,24.19615686,23.40262906,589.9517746
"Congo, Rep.",1999,72.29007107,59.10411923,2354772960,3032874,-2.900434691,15.05809701,34.47092168,615.4733493
"Congo, Rep.",2000,80.29714722,43.61273719,3227927698,3151345,-3.040392584,11.56806979,55.95336655,710.207977
"Congo, Rep.",2001,77.42002685,53.31245423,2796704604,3272537,-4.844261093,14.08973295,43.29244156,732.3976933
"Congo, Rep.",2002,81.51642548,53.93964559,3034250924,3350771,6.594565067,18.35716661,40.63391025,693.7132265
"Congo, Rep.",2003,80.8123656,76.04941174,3503723088,3445753,6.280145682,17.35899203,32.82032282,579.8974262
"Congo, Rep.",2004,80.52979283,50.83840588,4656974940,3565554,1.901620652,14.97271765,36.75741816,527.3380323
"Congo, Rep.",2005,75.00508375,44.54780851,6650001680,3696393,12.04984558,12.50582885,44.94561738,527.2583626
"Congo, Rep.",2006,77.46412946,48.13663352,8072305029,3837409,18.44598012,12.7495181,50.12080934,522.4256249
"Congo, Rep.",2007,68.48539072,80.10123467,8782703437,3980430,16.21655503,16.80096905,43.95363531,478.6337185
"Congo, Rep.",2008,73.40291853,59.70556813,11649857673,4113517,16.72100182,12.14104676,48.86037357,446.0000414
"Congo, Rep.",2009,64.47991211,71.07245358,9723299915,4281219,12.22888625,13.41179285,32.01939237,470.2934233
"Congo, Rep.",2010,68.52809153,55.53666287,13148396212,4462290,11.57729522,10.5717695,40.94102516,494.7942622
"Congo, Rep.",2011,73.61173274,50.98000997,15655383577,4609724,1.907834795,12.83495749,48.66613315,471.2486257
"Congo, Rep.",2012,58.08202782,39.36240733,17692911296,4740450,-0.391399398,13.75715304,38.08752461,510.5563385
"Congo, Rep.",2013,52.93434058,40.06852281,17958720699,4857099,10.46210101,14.0730145,29.6858074,493.8996239
"Congo, Rep.",2014,53.13363837,51.06398173,17919321078,4975880,16.13399517,16.73418983,24.82263998,493.7573299
"Congo, Rep.",2015,40.85704879,76.46367277,12434793867,5097581,34.4182561,19.30627143,12.27467007,591.211698
"Congo, Rep.",2016,42.06852605,80.19129223,10931328151,5222536,0.462969363,21.30852348,12.8004972,592.6056151
"Congo, Rep.",2017,47.96273166,46.6543636,11834473039,5351011,37.32277487,18.08658621,25.02277683,580.6567496
"Congo, Rep.",2018,62.2105923,38.37262448,14773900289,5483118,29.20861002,13.50410756,38.24871589,555.4464584
"Congo, Rep.",2019,56.19881437,35.37694042,13976637780,5616661,-10.21475465,13.24087509,35.85179911,585.9110132
"Congo, Rep.",2020,40.71904328,28.58758144,11468687464,5752791,-17.2921171,17.4783555,22.40841254,575.5860045
"Congo, Rep.",2021,52.83657086,32.7096323,14825690211,5892183,-2.159828737,14.8705071,34.38288091,554.530675
Costa Rica,1995,38.1292145,41.64516005,11578594260,3535176,2.909679642,12.92668854,0,179.7291667
Costa Rica,1996,40.01199302,44.04517099,11678424507,3619013,3.655886971,13.06292766,0,207.6891667
Costa Rica,1997,41.60906831,46.00412978,12614602382,3701711,3.245762233,12.62399505,0,232.5975
Costa Rica,1998,43.96284105,48.07518019,13684255947,3782838,4.490562018,12.730243,0,257.2291667
Costa Rica,1999,42.55786576,44.98074801,14254866285,3862101,4.345668347,13.28710992,0,285.6846948
Costa Rica,2000,42.93032217,43.59460134,15013629662,3937739,4.818464499,13.72782618,0,308.1866667
Costa Rica,2001,40.5085725,40.34418622,15976174337,4008947,3.892336175,14.29631238,0,328.8708333
Costa Rica,2002,39.22453521,41.18940913,16578820687,4075705,4.36202694,14.68906425,0.028390807,359.8175269
Costa Rica,2003,40.67171292,42.65599462,17271760507,4138784,4.483539703,14.49746544,0.037459598,398.6622222
Costa Rica,2004,42.20765346,43.04882373,18610594846,4200078,5.823126533,13.9764073,0.061378151,437.935
Costa Rica,2005,43.46452236,45.75814153,20040642477,4261240,7.628435395,13.51288119,0.132634571,477.7867415
Costa Rica,2006,43.31403511,46.5005195,22715540324,4321340,7.928504331,13.16504106,0.14565511,511.3018179
Costa Rica,2007,40.58213751,45.87445834,26884700709,4380248,8.337425979,12.80526867,0.177661149,516.6173902
Costa Rica,2008,38.80646065,47.59505206,30801745700,4440056,7.909006983,13.57747474,0.177814057,526.2355134
Costa Rica,2009,34.63230503,35.1270127,30745714313,4499791,5.251510672,15.74812812,0.044248922,573.2879567
Costa Rica,2010,32.82941135,34.68267834,37658616952,4555962,5.063711702,16.62071064,0,525.8292007
Costa Rica,2011,32.47247088,36.16667563,42762613699,4609833,6.391725396,16.96183622,0,505.6642399
Costa Rica,2012,31.65131734,35.39722196,47231655432,4663934,5.708661249,16.7900477,0.064985027,502.901462
Costa Rica,2013,30.59164936,33.47476123,50949668842,4716147,6.291277352,17.13018914,0.057758425,499.7668326
Costa Rica,2014,31.36291528,33.82832677,52016408854,4767119,6.232936622,17.01130325,0.051830151,538.3172003
Costa Rica,2015,29.99565786,30.75790407,56441920821,4818038,5.236394577,16.96024191,0.020096058,534.56577
Costa Rica,2016,31.2600963,30.91838188,58847019610,4866998,4.452962118,16.70867908,0.015867746,544.7393672
Costa Rica,2017,32.76268315,32.3092706,60516044657,4913177,4.833275221,16.35817465,0.005855535,567.5130903
Costa Rica,2018,33.73851078,33.20683124,62420164992,4957818,4.829438721,16.19573389,0.009007225,576.9725012
Costa Rica,2019,34.32532156,31.43520846,64417670521,4999553,4.220940167,16.75120098,0.006986348,587.2945957
Costa Rica,2020,31.90649766,28.23338859,62395610760,5034320,3.370435233,17.70473207,0.003415908,584.900855
Costa Rica,2021,36.17635703,34.60528528,64960725734,5059988,5.530729864,16.53079798,0.008965794,620.78472
Croatia,1995,27.30670837,35.49755698,22772394547,4620030,0.474491778,26.21033518,0.403625879,5.230756083
Croatia,1996,30.30726653,36.74698406,24150978347,4557097,2.039371555,23.87205129,0.474760446,5.434161167
Croatia,1997,31.04439181,43.83978268,24175764812,4534920,2.467408208,23.06135232,0.362647263,6.160582583
Croatia,1998,29.13645238,35.84787728,25890228430,4532135,3.878209196,24.00458303,0.091724427,6.363285667
Croatia,1999,30.1371347,36.12663968,23777026779,4512597,6.118266372,24.92458912,0.288928699,7.111742833
Croatia,2000,35.08952489,39.51216058,22134411297,4468302,4.585936275,22.88757756,0.630971359,8.277666417
Croatia,2001,37.13391092,42.30667469,23066883850,4299642,4.494573921,20.85961019,0.407483342,8.341541
Croatia,2002,35.89154677,45.26945102,26757722429,4302174,3.665425215,20.56837306,0.356223054,7.8716825
Croatia,2003,35.54630613,45.89694531,35245317002,4303399,5.238806653,19.95006628,0.301237203,6.704968833
Croatia,2004,36.56168619,45.08272647,41836292157,4304600,3.141243761,20.00027086,0.332637436,6.034340667
Croatia,2005,36.40265172,45.08968385,45013119282,4310145,4.031555182,19.91308642,0.422317306,5.949236917
Croatia,2006,37.54036485,45.96551447,49590197657,4311159,6.748535097,20.04392694,0.419644384,5.83779325
Croatia,2007,37.46093208,45.79054464,59298265770,4310217,7.834643319,20.71119497,0.370493477,5.364535667
Croatia,2008,35.97187456,46.1001069,68478776206,4309705,7.666054224,20.54929166,0.441053907,4.93503975
Croatia,2009,32.09809402,37.5971499,62321642125,4305181,4.925414593,22.33619714,0.257276727,5.283946417
Croatia,2010,35.49945452,37.13920235,58981738869,4295427,2.619540281,22.30061907,0.283128863,5.498010583
Croatia,2011,38.04292162,39.72281707,62903737380,4280622,1.985540904,22.77399535,0.422234791,5.34386975
Croatia,2012,38.70121802,40.30104894,57551963753,4260368,2.545699484,22.71642459,0.424759009,5.850291833
Croatia,2013,39.46531634,41.44520103,59852401272,4233922,1.593776246,22.58188276,0.380362351,5.704880167
Croatia,2014,42.41349291,42.79568404,59612144078,4201598,5.34746591,23.09179507,0.332340413,5.748165417
Croatia,2015,45.42549119,45.21544991,51005200670,4151725,0.958051162,22.46152823,0.188549002,6.85830375
Croatia,2016,46.61654836,45.51424072,52654855638,4106867,2.990142286,21.96633702,0.152408109,6.805990167
Croatia,2017,48.91331053,48.30802087,56186190438,4041407,3.239996058,21.79820751,0.222493492,6.623831
Croatia,2018,49.10921063,49.95860734,61668130123,3988775,2.669114356,21.67398785,0.320303858,6.27902525
Croatia,2019,50.48923505,50.89277828,61467582194,3949390,6.472771769,21.69431087,0.276145553,6.622545167
Croatia,2020,41.27703158,48.25642222,57963370885,3914206,2.5391044,24.87982866,0.141105225,6.6140555
Croatia,2021,49.77970537,52.52872544,69006802299,3878981,7.427067577,23.06666487,0.280358036,6.360083167
Cyprus,1995,66.76329377,67.6272203,9933137128,862695,2.447734442,12.47148626,0,0.452420167
Cyprus,1996,70.20766725,70.64131619,10011914680,880290,2.334712803,13.20760108,0,0.46631125
Cyprus,1997,69.18560901,70.57736759,9547816420,897568,5.724023071,14.84814774,0,0.513897333
Cyprus,1998,68.69748147,66.21225529,10248618778,914548,3.370192127,16.10524937,0,0.517825583
Cyprus,1999,66.926464,64.28286934,10497907228,931234,7.744917748,16.18856586,0,0.54294775
Cyprus,2000,69.96282392,67.53207933,9985847314,947667,8.560858771,15.23645529,0,0.622409117
Cyprus,2001,68.20885507,63.6402128,10397898907,964127,9.085901704,16.09632323,0,0.643107026
Cyprus,2002,62.40530678,61.23602535,11420228846,981440,9.662238305,16.78869765,0,0.61065999
Cyprus,2003,57.76212795,56.24250504,14547329558,999590,6.242709456,18.08911779,0,0.517443262
Cyprus,2004,56.88980309,57.0138104,17320551250,1017875,6.459620092,16.7828088,0,0.468600552
Cyprus,2005,55.6921065,56.22495877,18433412511,1036151,6.303626691,16.75245291,0.001201772,0.464070507
Cyprus,2006,53.43581088,56.37068716,20072754987,1054418,9.325565566,17.18938252,0.001274335,0.458915947
Cyprus,2007,53.25898013,58.01614272,23968727074,1072714,9.573456128,16.7546543,0.001179887,0.426125
Cyprus,2008,50.08169582,62.84423505,27844646258,1091026,44.5459751,17.36286096,0.015044566,0.67992268
Cyprus,2009,48.7222504,54.0688415,26048179949,1109371,252.6677734,19.11921699,0.008681116,0.716957702
Cyprus,2010,50.33452585,58.56717342,25799940078,1127816,125.2727379,18.74711572,0.005495817,0.75430899
Cyprus,2011,53.45408858,57.16304828,27641547910,1146493,151.7369425,19.36088971,0.010006633,0.718413899
Cyprus,2012,55.27838094,57.06589236,25047436975,1165397,289.8581109,19.10145649,0.01059368,0.77833812
Cyprus,2013,61.29659043,59.62961021,23959712861,1183895,108.0903161,18.73356531,0.003162162,0.752945123
Cyprus,2014,65.95170487,64.89265821,23225918260,1201801,233.1657533,17.07278108,0.002284898,0.752728197
Cyprus,2015,70.01730313,67.25912335,19909278417,1219502,137.2206828,16.60931001,0,0.901296423
Cyprus,2016,70.48405223,68.53804623,21046462281,1237112,15.82722698,15.48715944,0.000276297,0.903421436
Cyprus,2017,73.83647914,74.17687642,22946570629,1254275,184.0542826,15.03364293,0,0.885205508
Cyprus,2018,74.51113462,73.11243279,25754001368,1270737,307.086731,14.70791657,0,0.846772667
Cyprus,2019,75.7588676,74.74730196,26196667100,1286671,431.7884701,16.0314662,0,0.893276257
Cyprus,2020,79.64725272,81.02146374,25555093854,1302247,-296.0131992,19.19669926,0,0.875506397
Cyprus,2021,90.75783316,86.06990366,30372642502,1317309,15.0482469,18.78396116,0,0.845494139
Czechia,1995,39.92843951,42.97255956,60572381311,10327253,4.238837216,20.05441683,0.01372494,26.54066667
Czechia,1996,37.89903703,42.70052093,67804105330,10315241,2.116802694,19.33470104,0.023939802,27.14491667
Czechia,1997,40.01809906,44.1351316,62539765163,10304131,2.057079795,19.93888287,0.01589318,31.69841667
Czechia,1998,41.81380839,42.12484393,67187217328,10294373,5.507252026,18.89414095,0.005077026,32.28116667
Czechia,1999,42.4907874,42.96633624,65586562605,10283860,9.624832321,19.75772679,0.015952698,34.56925
Czechia,2000,47.82222778,49.67616785,62175642238,10255063,8.020953141,19.4170938,0.035074255,38.59841667
Czechia,2001,48.6218414,49.91503233,68135304464,10216605,8.278685008,19.38115601,0.024458129,38.03532833
Czechia,2002,44.7797458,46.09952575,82607869610,10196916,10.28547168,20.85247143,0.03046194,32.73851833
Czechia,2003,46.56732306,48.079537,1.00E+11,10193998,2.012502749,21.84398049,0.035170936,28.209
Czechia,2004,56.89947817,56.2744978,1.20E+11,10197101,5.346298314,20.59297028,0.038329847,25.69975
Czechia,2005,61.75886645,59.43242087,1.37E+11,10211216,10.00272913,20.29896369,0.050808845,23.95741667
Czechia,2006,64.88698257,62.16403248,1.56E+11,10238905,4.564883006,19.93268469,0.043607563,22.59558333
Czechia,2007,66.15054235,63.72619715,1.90E+11,10298828,7.269840533,19.13559743,0.036747355,20.29366667
Czechia,2008,63.03422063,60.8705893,2.37E+11,10384603,3.727340175,19.15521339,0.042970422,17.07166667
Czechia,2009,58.47578447,54.57347032,2.07E+11,10443936,2.547019253,20.71762677,0.024405519,19.063
Czechia,2010,64.89159802,61.8648821,2.11E+11,10474410,4.815029855,20.32962455,0.021771995,19.09825
Czechia,2011,70.25063761,66.50021793,2.31E+11,10496088,1.809941553,19.63707664,0.030616847,17.69591667
Czechia,2012,75.10481048,70.37538492,2.10E+11,10510785,4.484243808,19.31334265,0.030535276,19.5775
Czechia,2013,75.58039545,69.92183518,2.13E+11,10514272,3.453867264,19.59918072,0.027497008,19.57058333
Czechia,2014,81.35103521,75.06408761,2.11E+11,10525347,3.835101534,19.18996636,0.025268189,20.7575
Czechia,2015,80.01256714,74.00583385,1.89E+11,10546059,0.898913492,18.80776377,0.010291481,24.59875
Czechia,2016,78.10833301,70.43867166,1.98E+11,10566332,5.475664214,18.78146532,0.006924913,24.43991667
Czechia,2017,77.68443262,70.06640223,2.22E+11,10594438,5.07066241,18.50981514,0.008816223,23.37633333
Czechia,2018,75.60978149,69.5319364,2.52E+11,10629928,3.303539983,19.17491832,0.012558405,21.72991667
Czechia,2019,72.12485114,66.02975886,2.57E+11,10671870,4.187057376,19.26463299,0.008322047,22.93225
Czechia,2020,67.76097323,61.01945707,2.51E+11,10697858,3.391140662,21.31989023,0.005072079,23.21025
Czechia,2021,70.55004514,66.82807116,2.91E+11,10505772,4.430295246,20.77098746,0.009656964,21.67816667
Denmark,1995,36.64333058,31.92998407,1.85E+11,5233373,2.239360203,24.07268331,0.278953388,5.602366667
Denmark,1996,37.0972755,31.42920692,1.87E+11,5263074,0.412544986,24.12484369,0.433297741,5.798671667
Denmark,1997,37.82744404,33.46273193,1.73E+11,5284991,1.611434629,23.67964519,0.403535371,6.604459167
Denmark,1998,37.21070819,34.13470931,1.77E+11,5304219,3.773615871,24.14479109,0.127015619,6.700826667
Denmark,1999,39.36557242,33.36328422,1.78E+11,5321799,9.471097373,24.37660188,0.521371442,6.97624
Denmark,2000,44.87868358,38.16340237,1.64E+11,5339616,21.95346251,23.89048951,1.366954816,8.083144167
Denmark,2001,45.52958624,38.39307836,1.65E+11,5358783,5.632165821,24.31161167,0.952850407,8.3228175
Denmark,2002,45.66535535,38.8192372,1.79E+11,5375931,2.478185329,24.84776585,0.977649522,7.894714167
Denmark,2003,43.77314716,36.98815301,2.18E+11,5390574,0.542449724,25.00075058,0.933077005,6.587673333
Denmark,2004,43.82154481,38.18618602,2.52E+11,5404523,-3.493908413,24.87322946,1.157490236,5.991056667
Denmark,2005,47.37512123,42.02367401,2.65E+11,5419432,4.84519219,24.43560573,1.575483122,5.99691
Denmark,2006,50.68436613,46.74549464,2.83E+11,5437272,0.841695783,24.1607314,1.541700109,5.946778333
Denmark,2007,51.39748723,48.65018736,3.20E+11,5461438,3.687996023,24.27793918,1.375155711,5.443700833
Denmark,2008,53.97091873,50.49939144,3.55E+11,5493621,0.617279544,24.98644932,1.703550509,5.098130833
Denmark,2009,46.99890975,42.3959469,3.23E+11,5523095,1.171427918,27.81569435,0.91483247,5.360866667
Denmark,2010,50.59078054,43.7969477,3.22E+11,5547683,-3.567941353,27.33610767,0.983292206,5.624075
Denmark,2011,54.08362725,47.92930323,3.44E+11,5570572,3.937926374,26.5405592,1.368394413,5.368711535
Denmark,2012,55.08084261,49.2814379,3.27E+11,5591572,-5.00312032,26.50032284,1.260887333,5.792475537
Denmark,2013,54.92090924,48.69190401,3.45E+11,5614932,0.197410829,25.92850433,0.967648067,5.616311686
Denmark,2014,54.83340375,48.37745547,3.53E+11,5643475,1.864155678,25.79742038,0.834668694,5.612466667
Denmark,2015,55.81432157,49.31604088,3.02E+11,5683483,0.610750678,25.54635582,0.389980667,6.727906831
Denmark,2016,53.7439529,47.70883091,3.12E+11,5728010,2.499831698,24.94291548,0.261758496,6.731718257
Denmark,2017,55.34595156,48.86972536,3.32E+11,5764980,1.087804903,24.44966226,0.367052364,6.602893466
Denmark,2018,56.98336838,51.83061712,3.55E+11,5793636,2.466700576,24.38110739,0.459098842,6.314618787
Denmark,2019,58.95060792,52.94086715,3.45E+11,5814422,-1.100670983,24.20477676,0.372447675,6.669446615
Denmark,2020,55.03689732,49.39653535,3.56E+11,5831404,0.363874539,24.67998753,0.137036781,6.542152204
Denmark,2021,58.82542378,52.5886199,4.08E+11,5856733,4.162143452,23.84555019,0.270290117,6.287113083
Ecuador,1995,21.28690337,24.62436736,24432884442,11590514,1.85193034,11.21369817,6.453651405,2564.494167
Ecuador,1996,22.27328469,21.942418,25226393197,11810950,1.980782572,10.87543399,7.787870084,3189.474167
Ecuador,1997,21.53492621,23.48226011,28162053027,12031127,2.570657755,11.26931276,6.172196836,3998.266667
Ecuador,1998,17.89195087,25.50315708,27981896948,12251184,3.109081567,11.09299709,3.21214312,5446.5729
Ecuador,1999,26.37754164,22.82370916,19645272636,12470795,3.300590488,11.7675327,7.863308118,11786.80167
Ecuador,2000,37.55105976,27.85323563,17539454727,12689206,-0.133637951,9.526923791,16.33249509,1
Ecuador,2001,27.60713372,28.52135302,23127055000,12910740,2.328738247,9.791929841,9.090692909,1
Ecuador,2002,25.71441688,29.08222706,27054197000,13138472,2.895155268,10.25489686,8.073704058,1
Ecuador,2003,26.84177352,25.51576918,30965208000,13372306,2.814492362,11.09325666,8.391476534,1
Ecuador,2004,29.09968866,26.97485807,35194947000,13608701,2.378010667,11.24449768,12.25082525,1
Ecuador,2005,32.6271488,29.33100199,40278849000,13846163,1.224994874,11.03746038,16.53663965,1
Ecuador,2006,35.70168517,30.14067045,45690762000,14086131,0.594056305,10.87760366,17.98687911,1
Ecuador,2007,37.4824331,31.36815234,49848725000,14328773,0.388921737,11.1822499,16.51382178,1
Ecuador,2008,40.27630087,34.31399549,61139438000,14575202,1.729495813,12.00580385,18.65457486,1
Ecuador,2009,29.30962883,28.03771723,60094978000,14825954,0.513570186,14.39815653,8.824570834,1
Ecuador,2010,32.48569518,33.29168973,68151329000,15076695,0.243419054,13.65657594,11.19414785,1
Ecuador,2011,36.11336944,33.92231431,78986648000,15326227,0.817966549,13.06382694,16.01185723,1
Ecuador,2012,34.83141082,32.17151827,87735048000,15572194,0.646739603,13.74694637,13.96385977,1
Ecuador,2013,32.37526651,31.05803383,96570334000,15807128,0.752903274,14.24809714,12.29786051,1
Ecuador,2014,31.35503669,30.07133993,1.03E+11,16035124,0.751953402,14.73964676,11.08263813,1
Ecuador,2015,22.75448573,25.07355398,97209558000,16266225,1.360670046,15.37381437,4.194836605,1
Ecuador,2016,20.53929116,19.99520064,97671433000,16505139,0.784918215,15.6897053,3.261585505,1
Ecuador,2017,21.48558739,22.13213593,1.04E+11,16759519,0.605382054,15.29753478,4.512899366,1
Ecuador,2018,23.54387013,24.46547748,1.07E+11,17049547,1.294494988,15.55675999,6.759100099,1
Ecuador,2019,24.0486346,24.03421489,1.08E+11,17340021,0.910478126,15.1840773,5.52629824,1
Ecuador,2020,23.28356216,20.70574877,95865473000,17546065,1.162409015,16.3225878,2.562759887,1
Ecuador,2021,27.06597558,26.19530003,1.07E+11,17682454,0.605259149,14.44338939,6.403250833,1
"Egypt, Arab Rep.",1995,22.54901961,27.69607843,60159245060,65652622,0.994028431,10.53921569,7.509060734,3.392208333
"Egypt, Arab Rep.",1996,20.74978204,26.19877942,67629716981,67028048,0.940414996,10.37489102,8.40318333,3.391483333
"Egypt, Arab Rep.",1997,18.8416698,24.89657766,78436578171,68431740,1.135375893,11.32004513,6.099218176,3.38875
"Egypt, Arab Rep.",1998,16.21433542,25.71329158,84828807556,69943294,1.268437022,11.30828114,3.428705219,3.388
"Egypt, Arab Rep.",1999,15.0520156,23.30949285,90710704807,71520954,1.174392815,11.60598179,5.191867758,3.39525
"Egypt, Arab Rep.",2000,16.20111732,22.81681858,99838543960,73083284,1.236997207,11.20258747,6.472221606,3.47205
"Egypt, Arab Rep.",2001,17.47978812,22.33063842,96684636119,74652029,0.527384723,11.31865068,5.170662733,3.973
"Egypt, Arab Rep.",2002,18.31617841,22.67088942,85146067416,76239137,0.759753233,12.58907363,5.905807044,4.499666667
"Egypt, Arab Rep.",2003,21.79640719,24.38323353,80288461538,77853548,0.295683832,12.67065868,7.506373711,5.850875
"Egypt, Arab Rep.",2004,28.22996085,29.58994436,78782467532,79477443,1.590836184,12.75499691,9.494486314,6.196241667
"Egypt, Arab Rep.",2005,30.34354689,32.60909935,89660339660,81101004,5.995515989,12.73909006,11.85093121,5.778833333
"Egypt, Arab Rep.",2006,29.94981383,31.56872268,1.07E+11,82700403,9.348567266,12.28751821,11.72969341,5.733166667
"Egypt, Arab Rep.",2007,30.24973147,34.82814178,1.30E+11,84276225,8.876336063,11.33190118,10.78185883,5.635433333
"Egypt, Arab Rep.",2008,33.04299274,38.63763261,1.63E+11,85864789,5.831412619,10.88777219,12.45456777,5.4325
"Egypt, Arab Rep.",2009,24.95682211,31.59662253,1.89E+11,87501636,3.54835118,11.35098829,6.247557414,5.544553309
"Egypt, Arab Rep.",2010,21.34924581,26.58710426,2.19E+11,89196072,2.916016576,11.1636002,7.417787129,5.621942918
"Egypt, Arab Rep.",2011,20.56742761,24.68820655,2.36E+11,91093059,-0.204542849,11.45066005,9.741862855,5.932827652
"Egypt, Arab Rep.",2012,16.39696662,24.31480265,2.79E+11,93161001,1.002340718,11.17812145,8.38345897,6.056058333
"Egypt, Arab Rep.",2013,17.01784562,23.35519243,2.88E+11,95333553,1.453434208,11.35239733,7.828630198,6.870325
"Egypt, Arab Rep.",2014,14.24413146,22.67605634,3.06E+11,97528654,1.509250423,11.84976526,6.823400136,7.077608561
"Egypt, Arab Rep.",2015,13.18384549,21.66209747,3.29E+11,99597342,2.102581284,11.75989198,3.055264337,7.691258333
"Egypt, Arab Rep.",2016,10.34546394,19.90108511,3.32E+11,101644589,2.438562781,11.42688418,2.35006517,10.02540079
"Egypt, Arab Rep.",2017,15.01408682,27.81804754,2.48E+11,103696057,2.983015509,9.579036626,4.126832694,17.78253352
"Egypt, Arab Rep.",2018,17.98465561,27.92636406,2.63E+11,105682094,3.100400776,7.942222794,5.476588229,17.76729042
"Egypt, Arab Rep.",2019,16.64403145,24.4799857,3.19E+11,107553158,2.82732945,7.285561115,3.881961863,16.77058184
"Egypt, Arab Rep.",2020,12.47277574,19.65347983,3.84E+11,109315124,1.52462949,7.53990183,1.857700951,15.75917292
"Egypt, Arab Rep.",2021,10.56115022,19.29582327,4.25E+11,110957008,1.206178611,7.558043553,2.985814583,15.64452728
El Salvador,1995,21.55450126,37.80625308,8921947100,5762131,0.426333155,9.770072499,0,8.754583333
El Salvador,1996,21.1409879,34.14086883,9586327800,5805286,..,10.92758168,0,8.755
El Salvador,1997,26.02183653,37.53525622,10221705900,5844578,0.577629027,10.88320786,0,8.75625
El Salvador,1998,24.3865859,36.48570485,10936669900,5880781,10.08244914,11.82707819,0,8.755
El Salvador,1999,24.39640145,36.59408817,11284197000,5913900,1.912409009,12.51142195,0,8.755
El Salvador,2000,26.82727023,41.88281868,11784927700,5943366,1.471370927,13.08574171,0,8.755
El Salvador,2001,25.00929206,40.88144648,12282533600,5968060,2.270704149,13.80665875,0,1
El Salvador,2002,25.51308946,40.40600132,12664190300,5986631,3.711251875,14.01569432,0.013937511,1
El Salvador,2003,25.92342076,42.31356172,13243892200,5998599,1.066151837,13.80768412,0.019540878,1
El Salvador,2004,25.90621048,43.87605369,13724810900,6004671,2.646812423,13.77057734,0.021738568,1
El Salvador,2005,25.26656688,44.4492448,14698000000,6005578,3.477616002,13.99482923,0.135195935,1
El Salvador,2006,25.93967834,47.51588917,15999890000,6002319,1.507072861,14.33434855,0.566470351,1
El Salvador,2007,25.56703455,52.05402149,17011750000,6009824,9.114347436,14.34420327,0.458911583,1
El Salvador,2008,26.74058717,53.92538677,17986890000,6029297,5.020601116,14.7107143,0.577913009,1
El Salvador,2009,23.95120449,42.11998668,17601620000,6048279,2.094863995,16.10169973,0.13848152,1
El Salvador,2010,26.94666933,46.59061835,18447920000,6068249,-0.613406193,15.71158158,0,1
El Salvador,2011,28.98177756,50.29486614,20283780000,6090127,0.603930847,15.75588968,0.000375231,1
El Salvador,2012,28.57106118,49.07751044,21386150000,6113975,2.011239459,15.75744115,0.000341987,1
El Salvador,2013,29.72489605,50.72629844,21990960000,6138839,1.114908573,16.30588205,0.000303212,1
El Salvador,2014,29.55287523,48.55155051,22593470000,6162955,2.240895136,15.95416729,0.000268957,1
El Salvador,2015,29.48617302,47.07409771,23438240000,6183676,2.109978045,16.49744179,0,1
El Salvador,2016,28.4585905,44.36050287,24191430000,6200800,1.981980316,16.31643933,0,1
El Salvador,2017,29.02976438,45.27488682,24979190000,6213533,2.016884515,16.1331092,0.000106395,1
El Salvador,2018,28.93437378,46.69924311,26020850000,6219807,1.586204787,16.10965822,0.000162052,1
El Salvador,2019,29.95590961,46.08610349,26881140000,6222318,2.59024369,16.03202096,0.000125565,1
El Salvador,2020,24.52679828,41.93270867,24921190000,6234673,1.551019986,19.69685236,6.48E-05,1
El Salvador,2021,28.78149539,53.06358059,29043140000,6255782,2.756049983,19.34677173,0.000150419,1
Estonia,1995,65.90134741,73.18612627,4502970889,1436634,4.592689682,24.57145173,1.014865394,11.46475
Estonia,1996,61.27924956,71.69819319,4786018988,1415594,3.465317037,22.61624415,1.275268026,12.038
Estonia,1997,70.38236589,80.6689785,5154420649,1399535,5.316787872,20.40626704,0.875477581,13.88175
Estonia,1998,73.6343458,83.20389002,5674080543,1386156,10.49664237,20.69760379,0.233221618,14.07466667
Estonia,1999,69.86610792,74.25034567,5756912266,1390244,5.660895535,21.92655226,0.64854611,14.67758333
Estonia,2000,61.62739432,64.86823205,5686579748,1396985,7.319237666,19.56198064,1.530355288,16.96863667
Estonia,2001,61.29538898,65.25125109,6250218423,1388115,9.485901773,18.64299362,0.940432351,17.47807153
Estonia,2002,57.9390215,65.34332389,7370119619,1379350,4.589264189,18.1712737,0.76933016,16.61179167
Estonia,2003,57.14734209,65.59743071,9876595528,1370720,10.51217154,17.84221113,0.628213868,13.8564114
Estonia,2004,61.0658452,68.88365487,12148595031,1362550,8.94665953,17.37076874,0.718607972,12.59556359
Estonia,2005,65.42249302,70.4902991,14109491357,1354775,21.67022416,16.85215966,1.0090754,12.58378659
Estonia,2006,63.25635467,73.36438299,17025671810,1346810,10.32656834,15.83238666,1.058031699,12.46548376
Estonia,2007,62.59540891,71.38542033,22450264166,1340680,13.51051327,15.89915915,1.121303677,11.433853
Estonia,2008,66.38882474,70.29316342,24342935404,1337090,8.122539719,18.43646658,1.583027468,10.69444309
Estonia,2009,60.86142182,55.89765804,19633984440,1334515,9.505441711,20.5332841,0.956769785,11.25743089
Estonia,2010,75.0459409,68.62582136,19524355419,1331475,13.27703301,19.56165225,0.720826424,11.80684823
Estonia,2011,86.26961752,80.47645491,23303915795,1327439,4.802404493,18.29498962,0.895652,0.718413899
Estonia,2012,85.39809037,83.7579774,23237406116,1322696,7.691656795,18.02425768,1.013148662,0.77833812
Estonia,2013,83.45411064,81.14752152,25451032781,1317997,4.313939306,18.39917287,0.908405978,0.752945123
Estonia,2014,80.58973523,77.36420961,27055689003,1314545,6.585116181,18.43901328,0.967779938,0.752728197
Estonia,2015,76.03446023,72.47269689,23311847751,1315407,-3.069105193,19.22326451,0.577870299,0.901296423
Estonia,2016,75.47686216,72.26937055,24561027788,1315790,3.769232561,19.3323941,0.395237695,0.903421436
Estonia,2017,74.30555838,70.33009256,27469461919,1317384,6.318927212,18.87498165,0.64896967,0.885205508
Estonia,2018,72.90049516,70.58472971,31222632741,1321977,4.080158322,18.76285059,0.995460171,0.846772667
Estonia,2019,72.01915435,68.33299364,31873748770,1326898,9.768193646,19.08193305,0.92458769,0.893276257
Estonia,2020,68.15455341,69.23808788,31820771494,1329522,12.01477529,20.50868922,0.480973513,0.875506397
Estonia,2021,79.54619179,80.84848984,37204563051,1330932,20.30639491,19.81568681,0.962229214,0.845494139
Fiji,1995,55.29611318,58.84730593,1970301486,798746,-1.151250223,16.11108304,0,1.406333333
Fiji,1996,62.8648902,58.86114087,2128696644,803789,-3.391135512,15.87104981,0,1.4033
Fiji,1997,61.15124602,58.54652704,2090221137,812139,-2.879772004,16.81800106,0,1.443675
Fiji,1998,60.93773786,58.43202923,1653146717,822258,1.230019996,17.4333993,0,1.986816667
Fiji,1999,61.20185627,61.60037755,1936459986,831828,-7.595500905,15.9329855,0,1.969625
Fiji,2000,65.38644571,70.50919576,1678219508,840909,0.035238246,17.29697954,0,2.128625
Fiji,2001,60.95427964,69.0430622,1652462023,849596,2.499415767,17.50132908,0,2.276602946
Fiji,2002,61.80035917,64.25221989,1833279985,858049,1.673098412,16.9560012,0,2.18678335
Fiji,2003,60.27010914,68.70586077,2300492465,866286,1.752255013,16.7660277,0,1.895768382
Fiji,2004,54.20084805,70.92113955,2708078477,874366,9.253707943,15.7443907,0,1.733101678
Fiji,2005,54.06746032,63.67261905,2980403845,882379,5.802969589,15.93765873,0,1.691046216
Fiji,2006,50.0816794,67.96665227,3076305453,890365,18.98300797,18.5725069,0,1.731264933
Fiji,2007,48.60204776,61.78746714,3378314600,897832,13.74147731,17.17856289,0,1.610413796
Fiji,2008,57.12477872,73.87306926,3523185920,903399,19.27858776,15.62592711,0,1.594034411
Fiji,2009,49.43641173,59.43270569,2870624636,907239,10.7423906,16.91489787,0,1.958095035
Fiji,2010,57.43440206,63.79350134,3140166713,910419,5.671410211,14.97721422,0,1.918508678
Fiji,2011,59.28059298,65.19553266,3779411899,912989,5.745828492,17.32202595,0,1.790883831
Fiji,2012,61.1111437,64.17464799,3972028104,914918,6.981664397,18.72851266,0,1.789892817
Fiji,2013,56.87342832,69.47495841,4189967999,916352,5.818248591,18.93847318,0,1.841476617
Fiji,2014,52.33427559,58.47803047,4857104769,917585,7.779724553,19.99962278,0,1.887345358
Fiji,2015,48.83675558,52.35229338,4682479894,918578,4.385992332,20.15279853,0,2.097629816
Fiji,2016,46.64724139,50.5272492,4930213644,919166,7.943259332,18.94105165,0,2.094695939
Fiji,2017,46.01556504,51.00609749,5353469174,918759,7.240212891,19.28052717,0,2.066875304
Fiji,2018,47.74879577,55.48662417,5581425327,917180,8.400381182,20.39188414,0,2.087379789
Fiji,2019,48.46090215,58.95056199,5444407198,914899,5.919520976,21.24243517,0,2.160393115
Fiji,2020,27.82957341,44.51400237,4432466220,914963,5.400621822,23.63324968,0,2.168804924
Fiji,2021,27.25332827,54.47188033,4305031650,916711,9.52129029,23.60717869,0,2.070633333
Finland,1995,35.79945965,28.33607573,1.34E+11,5107790,1.082131505,21.91581855,0,4.366666667
Finland,1996,36.3572178,29.43310747,1.32E+11,5124573,0.570466107,22.18245291,0,4.59355
Finland,1997,37.7920624,30.45574374,1.27E+11,5139835,1.934431536,21.320104,0,5.191435
Finland,1998,37.45215102,29.5389061,1.34E+11,5153498,9.34012543,20.58190997,0,5.344065833
Finland,1999,37.61269781,28.64179434,1.35E+11,5165474,5.766139543,20.2643276,0,0.938283072
Finland,2000,42.04830408,32.87727479,1.26E+11,5176209,10.71866491,19.74542842,0,1.082705081
Finland,2001,39.76820894,30.51592872,1.30E+11,5188008,2.489745556,19.92766902,0,1.116533086
Finland,2002,39.14713015,30.1738076,1.40E+11,5200598,5.766970563,20.63392617,0,1.057558996
Finland,2003,37.32944883,30.74205413,1.72E+11,5213014,3.476062119,21.10154633,0,0.884047927
Finland,2004,38.61951229,32.34829061,1.97E+11,5228172,3.432166398,21.18671295,0.000189469,0.803921648
Finland,2005,40.27850315,36.31047089,2.05E+11,5246096,5.305008375,21.41425674,0.001189349,0.803800192
Finland,2006,43.08317087,38.91739606,2.17E+11,5266268,2.137438645,21.32522663,0.002356584,0.796432731
Finland,2007,43.82895236,39.03420846,2.56E+11,5288720,8.574063382,20.76831374,0,0.7296724
Finland,2008,44.90278142,41.28687845,2.86E+11,5313399,6.792700434,21.5662049,0,0.67992268
Finland,2009,36.08330811,34.04462542,2.53E+11,5338871,-3.482045156,24.06911162,0,0.716957702
Finland,2010,38.41304937,37.04815915,2.49E+11,5363352,4.899597632,23.68573509,0.035101233,0.75430899
Finland,2011,38.96739268,39.74855177,2.75E+11,5388272,-2.184057476,23.40188713,0.036254127,0.718413899
Finland,2012,38.93491301,40.49546357,2.57E+11,5413971,1.915122484,24.17630678,0.047582684,0.77833812
Finland,2013,38.25019533,39.23497644,2.70E+11,5438972,-1.834894407,24.63574402,0.052248493,0.752945123
Finland,2014,36.80600423,37.82176775,2.73E+11,5461512,6.415374821,24.63141532,0.05361219,0.752728197
Finland,2015,35.78157113,36.18025424,2.33E+11,5479531,7.538005429,24.52281723,0.032156645,0.901296423
Finland,2016,35.33333024,36.38887988,2.39E+11,5495303,2.189519649,23.86877251,0.004987479,0.903421436
Finland,2017,38.1663151,37.77246713,2.54E+11,5508214,6.661365554,22.94909793,0.020528713,0.885205508
Finland,2018,39.14922059,39.99439426,2.74E+11,5515525,-3.844566573,23.05513033,0.035943006,0.846772667
Finland,2019,40.61831811,39.94583218,2.67E+11,5521606,6.097077102,23.31857554,0.039523724,0.893276257
Finland,2020,36.21434343,35.97025217,2.70E+11,5529543,-0.939114056,24.42054766,0.020815137,0.875506397
Finland,2021,39.92177325,39.86750494,2.94E+11,5541017,8.014062917,24.7953884,0.045631489,0.845494139
France,1995,23.68965492,21.74200677,1.60E+12,59541294,1.487964708,23.26202354,0.008798394,4.9914825
France,1996,24.12300275,21.9894774,1.60E+12,59754504,1.374197072,23.56930222,0.01056052,5.1155225
France,1997,26.63032505,23.17312843,1.45E+12,59968066,1.590178586,23.45733309,0.007753052,5.836691667
France,1998,27.2527671,24.1686657,1.50E+12,60190684,1.971962267,22.70890613,0.002207352,5.899515667
France,1999,27.20697732,24.46368414,1.49E+12,60501986,3.091716021,22.72590435,0.006010096,0.938283072
France,2000,29.75804899,28.02799804,1.36E+12,60918661,3.041170274,22.4026552,0.012816215,1.082705081
France,2001,29.43060351,27.46262935,1.37E+12,61364377,3.658997905,22.25955673,0.00936013,1.116533086
France,2002,28.73070176,26.40182309,1.49E+12,61812142,3.454135963,22.85788831,0.008308763,1.057558996
France,2003,27.13696767,25.46191462,1.84E+12,62249855,2.307824826,23.26259153,0.007379101,0.884047927
France,2004,27.53810386,26.21166097,2.11E+12,62707588,1.687774472,23.15218544,0.008103983,0.803921648
France,2005,28.16355653,27.6592796,2.19E+12,63180854,3.883730658,23.11753535,0.011141226,0.803800192
France,2006,28.92784848,28.94142905,2.32E+12,63622342,3.406461183,22.78544207,0.011867929,0.796432731
France,2007,28.85853447,29.29402666,2.66E+12,64016890,3.154494499,22.47346748,0.01059079,0.7296724
France,2008,29.19905968,29.98073316,2.93E+12,64375116,2.323267,22.58955114,0.01424707,0.67992268
France,2009,25.88094823,26.31816407,2.70E+12,64706436,0.682311493,24.08804198,0.00767615,0.716957702
France,2010,27.82648809,28.76106716,2.65E+12,65026211,1.46961673,23.97980918,0.008917539,0.75430899
France,2011,29.53884734,31.06678815,2.87E+12,65340830,1.540052933,23.70109053,0.010819269,0.718413899
France,2012,30.35567865,31.30327842,2.68E+12,65657659,1.227900715,23.9564328,0.012693754,0.77833812
France,2013,30.59128534,31.22794853,2.82E+12,65997932,1.188234049,24.07572064,0.010931425,0.752945123
France,2014,30.7418129,31.45745404,2.86E+12,66312067,0.176974175,24.08144259,0.009471618,0.752728197
France,2015,31.69349473,31.81119247,2.44E+12,66548272,1.76596183,23.77576177,0.005124621,0.901296423
France,2016,31.49821007,31.84454637,2.47E+12,66724104,1.442003214,23.75694232,0.003851654,0.903421436
France,2017,32.31183404,33.08401411,2.59E+12,66918020,1.689280722,23.7013842,0.005186624,0.885205508
France,2018,32.91798189,33.88427889,2.78E+12,67158348,2.785941846,23.35007584,0.00839113,0.846772667
France,2019,32.88955939,33.53941778,2.72E+12,67382061,1.964869433,23.03484227,0.0067826,0.893276257
France,2020,28.55722282,30.2816679,2.65E+12,67601110,0.731471704,24.83983574,0.003297108,0.875506397
France,2021,31.28804993,32.5004327,2.97E+12,67842811,3.304053122,24.35159842,0.007102187,0.845494139
Gabon,1995,59.38699903,35.74769716,4958845648,1123213,-3.942388495,11.75660553,27.44468962,499.1484259
Gabon,1996,62.66324499,33.00765586,5694040003,1152015,-5.007209555,11.24138286,29.16771609,511.5524303
Gabon,1997,61.30401081,37.23225371,5326817115,1181439,-2.15348493,10.80055321,29.770912,583.6693724
Gabon,1998,47.40635161,48.568431,4483417310,1211736,2.957693764,15.46691871,15.49972115,589.9517746
Gabon,1999,59.61250435,38.1189481,4662992036,1243016,1.918355874,11.77986764,22.03082066,615.4733493
Gabon,2000,69.03217671,32.66975223,5080483629,1275572,5.473125244,9.560085361,43.69334332,710.207977
Gabon,2001,54.27523248,29.36338076,5023265413,1309589,-2.002988947,15.99816582,28.56213918,732.3976933
Gabon,2002,52.60889969,32.15018184,5335451100,1345135,0.021754642,16.46414625,27.18957356,693.7132265
Gabon,2003,51.9294345,28.37317371,6511903365,1382350,1.53052262,16.20004682,21.25034876,579.8974262
Gabon,2004,55.03915528,26.72838186,7770219008,1421609,4.040694242,15.00715553,25.09884736,527.3380323
Gabon,2005,60.00867276,23.94092708,9582783991,1463495,3.403623396,12.5353209,34.837421,527.2583626
Gabon,2006,60.57181652,28.07759274,10327598306,1508337,2.593100468,13.33980304,33.90845658,522.4256249
Gabon,2007,58.52860459,26.60387458,12455409587,1556237,5.257222355,13.67412895,34.28391227,478.6337185
Gabon,2008,62.19971201,26.79916058,15571348344,1607175,4.45376517,12.43048418,37.18772926,446.0000414
Gabon,2009,52.17173218,31.33284524,12113699068,1661556,5.247570979,16.12362873,24.57307727,470.2934233
Gabon,2010,57.66349238,31.49417035,14372593020,1719879,3.645404176,13.48694438,33.50967343,494.7942622
Gabon,2011,61.74437213,28.75400521,18210307744,1781985,6.169785458,12.79371605,37.42617536,471.2486257
Gabon,2012,60.95034144,31.3924675,17170464016,1846889,3.944723712,14.03080761,38.27611631,510.5563385
Gabon,2013,57.35740588,33.27763027,17595744798,1913059,1.841538657,14.4562196,30.24112893,493.8996239
Gabon,2014,44.52089239,28.99943662,18203966896,1978399,6.938647243,14.84946913,22.16275327,493.7573299
Gabon,2015,46.0320085,27.91777295,14383107763,2040989,0.289976986,14.81639805,9.98640234,591.211698
Gabon,2016,44.03534729,26.09803377,14023890265,2100306,8.868153818,14.64120171,9.018541613,592.6056151
Gabon,2017,50.22675397,24.84198647,14929487485,2156900,8.801570257,13.23170516,14.39325777,580.6567496
Gabon,2018,54.29907649,22.73752121,16867326402,2212318,8.175989408,10.56580371,18.32740768,555.4464584
Gabon,2019,51.43107323,21.99701622,16874405465,2267706,9.20409838,10.99342929,16.68424254,585.9110132
Gabon,2020,47.59948282,22.51457183,15342236164,2322539,11.18814423,13.1475546,9.9798242,575.5860045
Gabon,2021,60.93912049,24.40919171,19444935097,2376722,7.864367108,11.81726401,15.55650915,554.530675
"Gambia, The",1995,23.77564904,35.50114899,785999864.8,1264313,0.983365191,11.5660047,0,9.544264819
"Gambia, The",1996,21.7986716,29.15572278,848239446.2,1301410,1.256144598,11.43612074,0,9.79717347
"Gambia, The",1997,22.93220255,25.38529555,803633342.5,1338889,1.451716277,11.26524352,0,10.20016667
"Gambia, The",1998,25.30557465,28.56538762,840285264.6,1376987,2.820470737,9.990392632,0,10.6431
"Gambia, The",1999,24.39736108,28.01593644,814724032.1,1415779,6.073222104,10.33801227,0,11.39509167
"Gambia, The",2000,25.79867432,30.56114557,782913871.8,1455084,5.55872128,11.22719835,0,12.7876251
"Gambia, The",2001,21.82079813,25.10846505,687410645.1,1495011,5.161398104,11.36684189,0,15.68715833
"Gambia, The",2002,27.15738458,32.48556634,578235309.3,1535691,7.406500314,9.922901591,0,19.917825
"Gambia, The",2003,31.09378645,37.76500659,487038685,1577611,3.751800607,8.754973953,0,28.53050833
"Gambia, The",2004,20.59478287,29.33951669,961900651.4,1621312,5.772562827,7.7615571,0,30.03008333
"Gambia, The",2005,19.90329078,30.11543262,1027701068,1667037,5.220416881,8.247351628,0,28.57543333
"Gambia, The",2006,21.03471234,29.33975624,1054112488,1715275,7.798797903,8.386167654,0,28.065725
"Gambia, The",2007,18.03295746,26.26088701,1279703047,1765774,6.102573651,7.920049784,0,24.87343333
"Gambia, The",2008,14.47520018,24.61389928,1561766956,1817852,4.532839042,9.775160094,0,22.19235
"Gambia, The",2009,15.74610753,26.0312869,1450142509,1871422,2.720239113,9.599328207,0,26.6443612
"Gambia, The",2010,14.66781488,26.34470015,1543294927,1926630,2.406596896,10.13862681,0,28.01195366
"Gambia, The",2011,16.85940447,25.78029758,1409693597,1983784,2.55921827,9.231499105,0,29.46152006
"Gambia, The",2012,19.84168223,27.85899088,1415004738,2043094,2.910481969,8.753164948,0,32.07713389
"Gambia, The",2013,18.97916437,26.482755,1375609453,2103820,4.968003252,9.274769761,0,35.95758683
"Gambia, The",2014,21.83689544,36.42103533,1229461721,2164528,1.871883577,8.836798403,0,41.73296165
"Gambia, The",2015,15.57084858,28.9515245,1378176609,2224529,5.222556473,8.326579387,0,42.50620809
"Gambia, The",2016,12.75563479,25.35845316,1484578886,2283769,4.703702368,8.446617063,0,43.37252767
"Gambia, The",2017,18.48073482,37.25284479,1504909463,2342189,4.275241643,7.866855086,0,46.60890946
"Gambia, The",2018,22.28817977,42.52428423,1670671328,2399632,4.896535018,6.824780047,0,48.15178064
"Gambia, The",2019,20.16589124,35.83202038,1813609692,2456844,3.919437912,8.242884235,0,50.06246137
"Gambia, The",2020,9.607643888,37.78787629,1812170891,2515733,10.46127557,8.991768097,0,51.50166037
"Gambia, The",2021,6.61733476,35.48064804,2014158842,2576010,12.50262013,9.758037143,0,51.48444388
Georgia,1997,15.61022415,42.14284177,3510520231,4349913,6.907808075,10.16970735,0.231787053,1.2975
Georgia,1998,16.45873439,37.10793493,3613497317,4243607,7.341917726,11.08313255,0.057320661,1.389816667
Georgia,1999,19.05559299,38.09628133,2800025883,4157192,2.939258544,10.63287703,0.219647963,2.024516667
Georgia,2000,22.99446642,39.66692923,3057475335,4077131,4.299844281,8.538751634,0.403255463,1.976166667
Georgia,2001,24.4613665,38.86855859,3219462262,4014373,3.412732517,9.643886725,0.240596285,2.073016667
Georgia,2002,29.22927575,42.39984979,3395766678,3978515,4.723488852,9.789189914,0.205552828,2.195675
Georgia,2003,31.45572798,46.17764856,3991377904,3951736,8.390361666,8.118774886,0.388733098,2.14565
Georgia,2004,31.12893539,47.91181051,5125365192,3927340,9.613616231,11.43491139,0.292409032,1.91665
Georgia,2005,33.2590419,51.27055564,6410912050,3902469,7.067750867,14.38356754,0.345173611,1.812675
Georgia,2006,32.47086636,56.65450801,7745250734,3880347,15.12403617,12.00806387,0.193175812,1.780433333
Georgia,2007,30.81829844,57.57511563,10172931089,3860158,18.59930019,16.49660464,0.15545044,1.670491667
Georgia,2008,28.26331986,58.03490451,12795145131,3848449,12.52219056,19.39983958,0.182671461,1.490791667
Georgia,2009,29.54520182,48.64783721,10766920066,3814419,6.137325077,18.52273991,0.116317204,1.670487097
Georgia,2010,32.4674667,49.20592036,12426907967,3786695,7.410659314,17.30245925,0.108975029,1.782341667
Georgia,2011,33.86344228,51.60249282,15475290469,3756441,7.561005409,15.53502395,0.143424766,1.68649543
Georgia,2012,35.63957988,54.09530021,16894392033,3728874,5.730873273,14.09066064,0.130105358,1.651258333
Georgia,2013,40.94149427,52.87241952,17517660144,3717668,5.974326403,14.64211614,0.110437873,1.66335
Georgia,2014,39.18188576,55.76881218,17966015109,3719414,10.22418734,15.0157405,0.099561569,1.765666667
Georgia,2015,40.13724933,56.87906217,15223796149,3725276,11.3986492,14.60965816,0.040978034,2.269341667
Georgia,2016,39.99929253,54.9269603,15444548902,3727505,10.7469894,15.18576943,0.020465212,2.366725
Georgia,2017,45.87655249,56.70772521,16473125375,3728004,11.71836765,13.89123391,0.027779623,2.509541667
Georgia,2018,49.69554106,60.1521995,17902544881,3726549,7.284019766,13.28869264,0.034732823,2.534110833
Georgia,2019,54.30430841,63.50577183,17638337117,3720161,7.925232226,13.14428367,0.030310894,2.818145
Georgia,2020,36.90032417,55.99076001,16010869216,3722716,3.398376731,14.6114698,0.015619975,3.109016667
Georgia,2021,42.67436121,58.92654634,18853115589,3708610,6.742951464,14.12665948,0.029294922,3.221558333
Germany,1995,21.48152827,21.12462038,2.59E+12,81678051,0.464347993,19.36976625,0.006339339,1.4331325
Germany,1996,22.28216908,21.62141702,2.51E+12,81914831,0.621987271,19.63916082,0.009041904,1.504774167
Germany,1997,24.70139997,23.6789211,2.22E+12,82034771,0.840026366,19.29553981,0.007780081,1.734055833
Germany,1998,25.66016091,24.49530487,2.25E+12,82047195,1.313562563,19.02364128,0.002497705,1.7596676
Germany,1999,26.02987618,25.48935125,2.21E+12,82100243,3.886205164,19.08214746,0.007132068,0.938283072
Germany,2000,29.68065325,29.51494605,1.97E+12,82211508,12.6085323,18.86056929,0.02015623,1.082705081
Germany,2001,30.56041138,28.99887499,1.97E+12,82349925,2.896108537,18.75050671,0.015328921,1.116533086
Germany,2002,31.19045049,27.14211824,2.10E+12,82488495,2.438613714,19.01325022,0.016056223,1.057558996
Germany,2003,31.26784511,27.64669918,2.53E+12,82534176,2.580231017,19.07346004,0.016503738,0.884047927
Germany,2004,33.93521264,28.9712783,2.85E+12,82516260,-0.715503013,18.56692426,0.018541771,0.803921648
Germany,2005,35.95314979,30.9999527,2.89E+12,82469422,2.067993914,18.47397139,0.027268431,0.803800192
Germany,2006,38.96944992,33.78974355,3.05E+12,82376451,2.870495616,18.01729468,0.029173198,0.796432731
Germany,2007,40.63680563,34.24703606,3.48E+12,82266372,1.459424702,17.555365,0.028013355,0.7296724
Germany,2008,40.94254889,35.15886133,3.81E+12,82110097,0.812719205,17.95109821,0.034054769,0.67992268
Germany,2009,35.44172642,30.67354211,3.48E+12,81902307,1.629458688,19.59793496,0.018451494,0.716957702
Germany,2010,39.48326873,34.37937203,3.47E+12,81776930,2.480786424,19.17689197,0.019032802,0.75430899
Germany,2011,41.62998897,36.77732449,3.82E+12,80274983,2.550059495,18.69343222,0.030102198,0.718413899
Germany,2012,42.66881637,36.63167142,3.60E+12,80425823,1.818926354,18.89779244,0.030322053,0.77833812
Germany,2013,41.66865461,35.89572696,3.81E+12,80645605,1.764657871,19.2479981,0.027002258,0.752945123
Germany,2014,41.6838907,35.14644057,3.97E+12,80982500,0.43765992,19.21012874,0.022364532,0.752728197
Germany,2015,42.60444315,35.18691362,3.42E+12,81686611,1.823214415,19.31223567,0.010958549,0.901296423
Germany,2016,41.6238177,34.36076981,3.54E+12,82348669,1.64319556,19.51907162,0.007954276,0.903421436
Germany,2017,42.32598143,35.24065552,3.76E+12,82657002,2.890880529,19.45954952,0.01083269,0.885205508
Germany,2018,42.60739173,36.62026796,4.05E+12,82905782,4.004210264,19.50223396,0.015077478,0.846772667
Germany,2019,42.38630449,36.74744263,3.96E+12,83092962,1.906986881,19.90302358,0.012792292,0.893276257
Germany,2020,39.16918385,33.82407338,3.94E+12,83160871,4.486665711,21.73132113,0.006730031,0.875506397
Germany,2021,42.65758365,37.4990344,4.35E+12,83196078,2.93470786,21.67421922,0.014034903,0.845494139
Ghana,1995,24.49644594,32.92664835,6464382808,17399017,1.647489067,12.07348066,0.227977824,0.119913873
Ghana,1996,32.11218217,40.09276196,6932991739,17810181,1.730854507,12.04370871,0.374611791,0.163547168
Ghana,1997,32.41029093,52.99154704,6891443192,18238958,1.18697924,12.35563365,0.290454793,0.204796278
Ghana,1998,33.87135176,46.72819149,7482069162,18688036,2.237349006,10.32416166,0.128039086,0.231165901
Ghana,1999,32.07833895,49.62676508,7718109982,19149864,3.157508776,10.84334639,0.246256639,0.266642972
Ghana,2000,48.80225762,67.24617254,4982850662,19637087,3.329419468,10.17161587,0.989341729,0.544919176
Ghana,2001,45.23301647,64.81283769,5314872854,20167069,1.680567013,9.722363918,0.677053371,0.716305158
Ghana,2002,42.61625189,54.87299128,6166197848,20729388,0.955694278,9.872770251,0.616348326,0.792417084
Ghana,2003,40.67904265,56.60810306,7632723556,21296705,1.791640939,11.53320324,0.506473855,0.866764327
Ghana,2004,39.30332512,60.36700923,8881417907,21868298,1.56810547,12.17281188,0.620473077,0.899494854
Ghana,2005,36.44921695,61.72229716,10744568381,22449438,1.349239866,15.30816526,0.699403468,0.905209486
Ghana,2006,24.65619049,39.86286375,20885037597,23040702,3.045290185,8.682009582,0.439256307,0.915106799
Ghana,2007,24.5250906,40.82923168,24827339138,23642279,5.57118877,8.524940361,0.421654319,0.932619195
Ghana,2008,25.0294573,44.48476831,28679383241,24249946,9.466439082,8.731659768,0.507726369,1.052275
Ghana,2009,29.29186598,42.30287255,26048720006,24862664,9.108086691,7.574243956,0.266591066,1.404966667
Ghana,2010,29.47671798,45.90109781,32197655567,25474995,7.849484553,7.069499421,0.39137289,1.429983333
Ghana,2011,36.93660855,49.3588453,39336668081,26095088,8.255879713,13.78859812,5.080486851,1.520625
Ghana,2012,40.35921817,52.80881695,41271701061,26734268,7.982515659,11.76434631,4.781557031,1.824866667
Ghana,2013,25.4407834,35.31853851,62845721960,27386193,5.134796609,8.783172846,3.514744071,1.98135
Ghana,2014,28.23190216,35.60466028,54678533806,28041592,6.151206352,8.26779338,3.421033944,2.896575
Ghana,2015,33.83170482,42.6895661,49436806230,28696068,6.457376142,7.680490857,1.291465462,3.714641667
Ghana,2016,31.19323915,36.6837603,56144179398,29356742,6.207826718,7.886931128,1.00121846,3.909816667
Ghana,2017,33.87687478,36.67149051,60385409435,30008354,5.390358417,6.957052131,2.605649449,4.350533333
Ghana,2018,33.45489545,34.50362202,67259353966,30637585,4.444043577,7.104780398,4.146549426,4.585325
Ghana,2019,37.44959986,39.37520287,68352629246,31258945,5.67619931,7.04320381,4.069102006,5.217366667
Ghana,2020,31.52542049,35.05007823,70008243860,31887809,2.679374385,7.833410156,2.252849472,5.595708333
Ghana,2021,30.05511947,32.65271144,79514204730,32518665,3.18633189,8.005653088,4.055019178,5.8057
Greece,1995,14.36981389,21.75582145,1.35E+11,10562153,0.780146703,18.04365166,0.016782454,231.6627358
Greece,1996,14.31338268,22.50754658,1.43E+11,10608800,0.742440593,18.022822,0.028361223,240.7115425
Greece,1997,16.37032913,23.06821952,1.39E+11,10661259,0.709107073,18.24228539,0.019989334,273.0578533
Greece,1998,16.48591608,26.00397988,1.40E+11,10720509,0.050998185,18.10102179,0.00478519,295.529105
Greece,1999,19.41591791,28.76011911,1.37E+11,10761698,0.06030793,18.69563729,0.000855494,305.6466042
Greece,2000,24.01125795,35.1013998,1.26E+11,10805808,-0.006516745,18.94208004,0.023256696,365.3985608
Greece,2001,23.15975958,33.69787438,1.32E+11,10862132,0.001515532,19.31855976,0.014586115,1.116533086
Greece,2002,20.38310242,29.67023477,1.50E+11,10902022,0.02274854,19.77889641,0.01216271,1.057558996
Greece,2003,18.87349238,29.02081977,1.97E+11,10928070,0.715017038,19.48253679,0.007942932,0.884047927
Greece,2004,20.60931091,29.21600676,2.35E+11,10955141,0.914091173,19.64282084,0.005997556,0.803921648
Greece,2005,20.99253029,29.36300315,2.42E+11,10987314,0.284127007,20.47958237,0.010468594,0.803800192
Greece,2006,20.7749728,30.32977378,2.69E+11,11020362,2.011125237,20.49056534,0.009413805,0.796432731
Greece,2007,21.74818747,32.77749435,3.14E+11,11048473,0.622837778,20.82563405,0.005535843,0.7296724
Greece,2008,22.784792,34.32049163,3.51E+11,11077841,1.632896053,21.0036498,0.00680414,0.67992268
Greece,2009,18.72988201,27.64807739,3.27E+11,11107017,0.846404809,23.62848061,0.004478524,0.716957702
Greece,2010,21.72883298,29.19368433,2.96E+11,11121341,0.179789223,22.41025596,0.011192934,0.75430899
Greece,2011,25.30760279,30.98539349,2.83E+11,11104899,0.385622566,22.07830713,0.015063918,0.718413899
Greece,2012,28.96581396,33.42846501,2.39E+11,11045011,0.695897838,22.55783947,0.018570398,0.77833812
Greece,2013,30.32720911,32.6275372,2.37E+11,10965211,1.245061788,20.92979247,0.014152171,0.752945123
Greece,2014,32.51499901,33.91856925,2.34E+11,10892413,1.153144803,20.72270806,0.014429325,0.752728197
Greece,2015,32.18637755,33.08542359,1.95E+11,10820883,0.65218463,20.76798375,0.005658475,0.901296423
Greece,2016,31.17938602,32.47827657,1.93E+11,10775971,1.39750554,20.61806031,0.010638271,0.903421436
Greece,2017,34.77932047,36.10328621,2.00E+11,10754679,1.716295505,20.43841265,0.012557855,0.885205508
Greece,2018,38.63097615,40.60718745,2.13E+11,10732882,1.887233497,19.65971045,0.027550448,0.846772667
Greece,2019,39.56029179,41.0298091,2.07E+11,10721582,2.411722012,19.97912045,0.020842322,0.893276257
Greece,2020,31.4504295,38.84335694,1.91E+11,10698599,1.726378183,22.72749406,0.006523582,0.875506397
Greece,2021,40.2604118,47.75225094,2.18E+11,10569207,2.809147544,21.49743856,0.011692858,0.845494139
Guatemala,1995,19.25904403,25.43038631,14655404433,10312996,0.513121288,5.509959153,0.235558849,5.8103425
Guatemala,1996,17.8101173,22.58283566,15674835615,10583526,0.490595257,5.080309094,0.474906149,6.0495125
Guatemala,1997,17.95610802,23.59584313,17790026222,10857754,3.549179704,4.997301373,0.490537549,6.065269167
Guatemala,1998,18.17160662,26.25213334,19395491993,11139145,6.941303683,5.677461807,0.313903621,6.394653333
Guatemala,1999,19.00492413,27.35558273,18318412251,11422965,5.047380675,6.321636149,0.523238153,7.38561
Guatemala,2000,20.1950344,28.95055351,19288929030,11697592,-4.088355547,7.00261474,0.803745468,7.763159167
Guatemala,2001,28.66354829,42.00548489,18405220247,11969422,-5.088199966,10.21956817,0.631161134,7.8585925
Guatemala,2002,26.7262768,40.37853473,20444205991,12246915,-4.974498761,9.820932786,0.709990191,7.821645
Guatemala,2003,26.18109972,40.82123947,21576351799,12525842,0.09032397,9.752416094,0.74143185,7.940846667
Guatemala,2004,27.41940971,42.79546265,23577298095,12807402,1.363175707,8.90663133,0.729374796,7.946495833
Guatemala,2005,25.45490151,41.64879809,26783389294,13087629,2.016175003,8.613525103,0.887868748,7.633944167
Guatemala,2006,25.33983343,42.57209031,29744246827,13367459,2.135875229,8.506969389,0.851581475,7.602630833
Guatemala,2007,25.9805176,43.02084671,33567850824,13652040,2.559591928,8.798687608,0.750244546,7.673304167
Guatemala,2008,25.12434592,40.0543846,38503720224,13935174,1.899522087,9.161345191,0.835430467,7.560028333
Guatemala,2009,24.36782648,33.67286049,37126148265,14215611,1.346278225,10.34563022,0.412561078,8.161555417
Guatemala,2010,26.22546433,36.89972824,40676578423,14500112,2.710307068,10.64624762,0.47050587,8.057770833
Guatemala,2011,27.06770578,37.97934526,46876006272,14792126,1.87038244,10.35848308,0.592110785,7.785418333
Guatemala,2012,25.26709264,36.6923267,49593929487,15089647,2.822562972,10.51350307,0.521031752,7.833605417
Guatemala,2013,21.99815572,34.68706553,52996446180,15387337,2.872161456,11.2879487,0.41879556,7.85681375
Guatemala,2014,21.74436292,33.33891639,57852152955,15681725,2.433021432,11.25538502,0.363765722,7.732233333
Guatemala,2015,19.82990774,30.06354553,62186064758,15971743,1.935088005,11.08810864,0.123828268,7.654815
Guatemala,2016,18.75308936,27.61964855,66053403364,16268760,1.280458715,10.4403527,0.080715322,7.599937083
Guatemala,2017,18.49504633,27.57437418,71653754107,16567357,1.393289832,10.57282298,0.119195049,7.34793875
Guatemala,2018,18.16932653,28.84235554,73328365862,16845685,1.257900485,11.12025855,0.17663466,7.519164583
Guatemala,2019,17.61197615,27.9047666,77172317259,17103803,1.517071019,11.10700482,0.139922257,7.696698333
Guatemala,2020,16.34361272,24.79714893,77719464221,17357325,1.292303891,11.47197049,0.053289218,7.72165
Guatemala,2021,17.62965753,31.63149342,86455519687,17598650,4.194485839,11.22036712,0.118140036,7.734388333
Hungary,1995,39.11027491,39.06561668,46577614589,10328965,10.31429234,22.79497656,0.30440845,125.681425
Hungary,1996,41.77112387,41.25085676,46833767124,10311238,7.022575058,21.55245055,0.362825154,152.6466667
Hungary,1997,47.84294192,46.84496823,47398564799,10290486,8.785336301,21.20979857,0.219233411,186.7891667
Hungary,1998,52.88489531,54.43443979,48784412624,10266570,6.685854301,20.88248142,0.06243609,214.4016667
Hungary,1999,55.57297496,58.29655787,49160204397,10237530,6.885581573,21.219713,0.178412635,237.1458333
Hungary,2000,66.78184157,70.48047153,47275954429,10210971,5.812072105,21.17148719,0.373626436,282.1791667
Hungary,2001,64.79467039,66.10904385,53800068066,10187576,7.544264732,21.06362876,0.234436693,286.49
Hungary,2002,58.06733837,60.20199687,67636468625,10158608,5.386780909,21.85554204,0.187700537,257.8866667
Hungary,2003,56.34366336,60.44342518,85190469121,10129552,4.880252995,23.03950333,0.179717245,224.3066667
Hungary,2004,59.56411777,64.05156833,1.04E+11,10107146,4.362912778,22.04419357,0.188780374,202.7458333
Hungary,2005,62.52152128,65.48328937,1.13E+11,10087065,24.30602881,22.14469697,0.214107473,199.5825
Hungary,2006,73.80648648,75.42504509,1.16E+11,10071370,16.15748765,22.0122861,0.238336092,210.39
Hungary,2007,77.82216564,77.77926673,1.40E+11,10055780,50.40652303,20.78771616,0.19476725,183.6258333
Hungary,2008,79.20394486,79.24927925,1.58E+11,10038188,47.23642119,21.38718312,0.240895211,172.1133333
Hungary,2009,74.35294962,70.95292771,1.31E+11,10022650,-2.282804956,22.06337134,0.148972461,202.3416667
Hungary,2010,81.25350355,76.58545654,1.32E+11,10000023,-15.88543803,21.44527334,0.152616226,207.9441667
Hungary,2011,86.19315032,80.56119689,1.42E+11,9971727,7.454421455,20.63065763,0.22705237,201.055
Hungary,2012,86.08760971,80.0880889,1.28E+11,9920362,8.305498508,20.00942073,0.237336347,225.1041667
Hungary,2013,85.39378521,79.08223958,1.36E+11,9872734,-2.749863953,19.72857046,0.194311507,223.695
Hungary,2014,87.02716411,81.33119098,1.41E+11,9833038,9.126502233,19.98105205,0.168537006,232.6016667
Hungary,2015,87.43488414,79.85585436,1.25E+11,9797755,-4.36725591,19.7028763,0.083804183,279.3325
Hungary,2016,86.11146346,77.86048104,1.29E+11,9759755,53.84676368,19.90326748,0.070338664,281.5233333
Hungary,2017,85.74615334,79.2867025,1.43E+11,9726756,-8.631354962,20.16141782,0.0926984,274.4333333
Hungary,2018,83.3967795,79.30407928,1.61E+11,9706964,-40.10824602,19.61693332,0.133636368,270.2116667
Hungary,2019,81.0657007,78.85985577,1.65E+11,9694824,59.57754938,19.97414879,0.144282545,290.66
Hungary,2020,78.08334231,76.21215648,1.58E+11,9670419,105.6357555,21.19988446,0.083351251,307.9966667
Hungary,2021,79.42070356,79.30907923,1.83E+11,9630932,18.28668555,20.76472145,0.18388756,303.1408333
Iceland,1995,34.99902773,31.54919579,7123633418,267468,-0.130677741,21.24488398,0,64.69166667
Iceland,1996,35.79893191,35.30622308,7426082271,268916,1.122819289,21.15807546,0,66.5
Iceland,1997,35.53429188,35.07149395,7569672925,271128,1.955339834,20.79027917,0,70.90429083
Iceland,1998,33.76793169,38.11473145,8503746468,274047,1.811937745,21.26073297,0,70.95833333
Iceland,1999,32.4569602,36.97308135,8982047589,277381,0.74191672,22.09062323,0,72.33529333
Iceland,2000,32.12990635,39.00910142,9025660362,281205,1.719106723,22.71706822,0,78.61594667
Iceland,2001,36.94081098,37.79384465,8234846805,284968,1.984806471,22.95211342,0,97.42460333
Iceland,2002,35.5152001,33.91681119,9318395055,287523,0.986280282,24.51835105,0,91.66166667
Iceland,2003,32.62214303,35.57706872,11429333038,289521,2.934162509,25.25475119,0,76.7089825
Iceland,2004,32.40997895,38.02192311,13825302536,292074,5.463294553,24.29646642,0,70.19166667
Iceland,2005,30.3583868,42.09222857,16852963067,296734,18.35689104,24.45580034,0,62.98166667
Iceland,2006,30.40556197,47.13059123,17465318552,303782,22.19573019,24.30658239,0,70.18
Iceland,2007,32.84010136,41.8308122,21652505597,311566,31.73844956,23.80469594,0,64.055
Iceland,2008,40.3004024,42.3876243,18074622987,317414,6.659541201,24.26164298,0,87.94791667
Iceland,2009,48.71980508,40.67493813,13154414219,318499,0.483397738,25.30379921,0,123.6383814
Iceland,2010,51.74623384,41.90016434,13751161918,318041,1.868803547,24.82103861,0,122.2418112
Iceland,2011,54.54553626,46.86316549,15221622926,319014,7.272274387,24.87558834,0,115.9540398
Iceland,2012,54.92605472,49.15942075,14751508134,320716,6.942777097,24.75616613,0,125.082787
Iceland,2013,53.24775151,45.54177209,16125060515,323764,2.930888509,24.35010654,0,122.1791213
Iceland,2014,51.51909795,45.14649394,17867662178,327386,4.291415023,24.12390602,0,116.7673525
Iceland,2015,51.65172145,44.16648646,17517210519,330815,6.540809928,23.42735463,0,131.9187084
Iceland,2016,47.48403629,40.84898734,20793168031,335439,-5.128063967,23.00974929,0,120.8115481
Iceland,2017,45.73224001,41.24670697,24728285177,343400,-28.3072317,23.67726419,0,106.839572
Iceland,2018,46.04676239,42.59014458,26260850582,352721,-2.371280337,24.14720819,0,108.3001763
Iceland,2019,43.71324844,39.14949734,24681343649,360563,-2.254592491,24.58737631,0,122.6067736
Iceland,2020,33.30964505,34.66543058,21629953194,366463,-4.061305435,28.07058644,0,135.4217116
Iceland,2021,37.35325877,39.29950886,25770339317,372520,1.805386736,27.39692143,0,126.9888602
India,1995,10.84396804,12.02348067,3.60E+11,960301044,0.59498633,10.54026752,0.865833521,32.42707667
India,1996,10.38516927,11.5443186,3.93E+11,979678458,0.617479352,10.33088968,0.96076445,35.43317333
India,1997,10.69071732,11.92866955,4.16E+11,999133762,0.86020896,11.0287262,0.850995097,36.31328583
India,1998,11.01846918,12.6810009,4.21E+11,1018665080,0.625286204,11.90988981,0.429736693,41.259365
India,1999,11.45206461,13.36353343,4.59E+11,1038225823,0.472644191,12.17548961,0.708430391,43.05542833
India,2000,12.99723631,13.9036866,4.68E+11,1057922733,0.765211694,11.94783547,1.198808969,44.941605
India,2001,12.55837963,13.43487512,4.85E+11,1077898575,1.05638021,11.76144989,0.869871197,47.18641417
India,2002,14.26438392,15.24427901,5.15E+11,1097600380,1.011569465,11.31409507,0.898515924,48.61031917
India,2003,14.94791386,15.64452227,6.08E+11,1116803006,0.605887857,10.87620991,0.860363359,46.58328417
India,2004,17.85912496,19.6446891,7.09E+11,1135991513,0.765596855,10.40470235,1.060431238,45.31646667
India,2005,19.60524669,22.39642292,8.20E+11,1154676322,0.886098378,10.3661402,1.287808372,44.099975
India,2006,21.26794142,24.45653908,9.40E+11,1172878890,2.130168425,9.802470468,1.331468219,45.30700833
India,2007,20.79969975,24.88656893,1.22E+12,1190676021,2.073394047,9.862115728,1.152146972,41.34853333
India,2008,24.09735726,29.27086318,1.20E+12,1207930964,3.620523235,10.53848116,1.584982711,43.50518333
India,2009,20.40051937,25.87235027,1.34E+12,1225524753,2.651590332,11.45966742,0.638793188,48.40526667
India,2010,22.40093325,26.85427325,1.68E+12,1243481564,1.635034094,11.00760787,0.815747227,45.72581212
India,2011,24.54041132,31.08346869,1.82E+12,1261224954,2.002063463,11.08446159,1.348527058,46.67046667
India,2012,24.53443066,31.25929107,1.83E+12,1278674502,1.31293453,10.68385623,1.313872082,53.43723333
India,2013,25.4308613,28.41327065,1.86E+12,1295829511,1.516276467,10.29516014,1.193354156,58.59784542
India,2014,22.96796301,25.95422274,2.04E+12,1312277191,1.69565959,10.44085681,0.945192923,61.02951446
India,2015,19.81318916,22.10972471,2.10E+12,1328024498,2.092115214,10.42829071,0.359940709,64.15194446
India,2016,19.15823491,20.9242508,2.29E+12,1343944296,1.937364122,10.30854807,0.220297978,67.19531281
India,2017,18.79176484,21.95073212,2.65E+12,1359657400,1.507315833,10.76719895,0.313225226,65.12156865
India,2018,19.9278286,23.68914073,2.70E+12,1374659064,1.558214838,10.82321853,0.446629595,68.38946709
India,2019,18.6642649,21.24113863,2.84E+12,1389030312,1.78482634,11.00267551,0.305028316,70.42034054
India,2020,18.68247693,19.0756284,2.67E+12,1402617695,2.406203227,11.61245241,0.144343869,74.09956688
India,2021,21.39915833,24.02393045,3.17E+12,1414203896,1.41217101,10.47637824,0.325610194,73.91801282
"Iran, Islamic Rep.",1995,21.6762407,13.46800421,96419225745,62205567,0.017631338,14.25148419,19.30405858,1748.350246
"Iran, Islamic Rep.",1996,20.19513024,15.02616892,1.20E+11,62881300,0.021593979,12.36812976,19.66856146,1751.186356
"Iran, Islamic Rep.",1997,17.27793086,15.37162725,1.14E+11,63639638,0.046524218,11.59272637,18.04369802,1753.345477
"Iran, Islamic Rep.",1998,12.68338091,16.54483873,1.10E+11,64519859,0.021763395,13.04910671,11.64921076,1752.285995
"Iran, Islamic Rep.",1999,19.2920232,15.59339094,1.14E+11,65445391,0.030742623,11.81629721,16.7896155,1753.35495
"Iran, Islamic Rep.",2000,21.46705757,19.7901899,1.10E+11,66418659,0.035586634,12.93211409,30.66377467,1764.856069
"Iran, Islamic Rep.",2001,19.30332036,21.23224612,1.27E+11,67452005,0.321660451,12.87156292,21.48821685,1753.985685
"Iran, Islamic Rep.",2002,24.41390215,23.7587844,1.29E+11,68011317,2.736114981,11.7171068,20.44374146,6907.034456
"Iran, Islamic Rep.",2003,24.62747283,26.05163294,1.52E+11,68769340,1.894186262,11.41952122,22.04491744,8193.887519
"Iran, Islamic Rep.",2004,25.26692826,26.04692907,1.88E+11,70256316,1.617696879,11.23630349,25.19900204,8613.989421
"Iran, Islamic Rep.",2005,30.33081919,24.10967608,2.25E+11,71828455,1.284254301,12.07624287,31.60767626,8963.958907
"Iran, Islamic Rep.",2006,29.86903525,23.29832346,2.66E+11,73392747,0.87256002,12.46592046,31.55820381,9170.942878
"Iran, Islamic Rep.",2007,28.8436124,21.04369452,3.50E+11,74602648,0.576946135,9.477097137,26.12524012,9281.151828
"Iran, Islamic Rep.",2008,26.57712745,21.65227532,4.06E+11,75514204,0.487596567,10.05271212,30.5659739,9428.528261
"Iran, Islamic Rep.",2009,22.71148914,20.98809109,4.14E+11,76457825,0.720530462,11.18231995,17.5512588,9864.302456
"Iran, Islamic Rep.",2010,24.39965328,19.37099045,4.87E+11,77420842,0.749168626,10.80454017,20.22483635,10254.17647
"Iran, Islamic Rep.",2011,24.93331313,16.28610167,6.29E+11,78383598,0.679834575,13.20083368,22.35145892,10616.30664
"Iran, Islamic Rep.",2012,22.4753002,21.61404648,6.44E+11,79370580,0.723850091,13.32790016,18.41207234,12175.54722
"Iran, Islamic Rep.",2013,25.18290674,21.90381118,5.00E+11,80414686,0.609501594,12.97393921,21.25656655,18414.44801
"Iran, Islamic Rep.",2014,22.83067239,22.52074775,4.62E+11,81502045,0.455453874,12.82012598,21.23537583,25941.66414
"Iran, Islamic Rep.",2015,18.72083451,20.70175415,4.09E+11,82619362,0.500987695,15.56882322,12.26635274,29011.49138
"Iran, Islamic Rep.",2016,21.161708,19.22613892,4.59E+11,83812228,0.734572212,15.78069475,10.88950315,30914.85244
"Iran, Islamic Rep.",2017,22.73568826,22.0091825,4.89E+11,85026754,1.026026333,16.06231264,14.62043997,33226.29815
"Iran, Islamic Rep.",2018,31.1163801,27.44870962,3.99E+11,86117998,0.594915419,15.74716889,27.66464716,40864.32901
"Iran, Islamic Rep.",2019,23.48386727,27.27046708,3.34E+11,87051648,0.452147955,15.30027571,20.07804905,42000
"Iran, Islamic Rep.",2020,19.42460903,24.38555566,2.62E+11,87723443,0.511850016,14.43166798,13.27334954,42000
"Iran, Islamic Rep.",2021,22.83923199,21.53460206,3.83E+11,88455488,0.371639399,14.23357659,18.26589809,42000
Ireland,1995,73.5200043,62.58314563,69139823232,3608841,2.086966574,17.21793453,0,0.623733075
Ireland,1996,74.90704154,63.96112082,75790785030,3637510,3.453563648,16.59254979,0,0.625028368
Ireland,1997,77.12479504,65.14470187,82856648758,3674171,2.448563695,16.11882924,0,0.659643127
Ireland,1998,84.32407634,73.44834033,90199410116,3712696,9.825138433,15.54795156,0,0.702270998
Ireland,1999,86.46010384,73.41092911,98893958263,3754786,18.41431168,15.02619874,0,0.938283072
Ireland,2000,94.38945778,80.56509808,1.00E+11,3805174,25.72602624,14.74592044,0,1.082705081
Ireland,2001,95.22438247,79.61634993,1.09E+11,3866243,8.825984749,15.39983062,0,1.116533086
Ireland,2002,90.44947711,73.26987725,1.29E+11,3931947,22.80303313,15.80623226,0,1.057558996
Ireland,2003,80.8405916,65.69090922,1.65E+11,3996521,13.83444836,16.05588001,0,0.884047927
Ireland,2004,80.47558008,66.11194573,1.94E+11,4070262,-5.457373707,16.16603796,0,0.803921648
Ireland,2005,79.52769639,68.64788841,2.12E+11,4159914,22.1832695,16.0571073,0.000104555,0.803800192
Ireland,2006,79.03467626,70.98712848,2.32E+11,4273591,9.505558291,16.22673677,0.000220341,0.796432731
Ireland,2007,80.83679518,72.56006864,2.70E+11,4398942,22.1915415,16.84699942,0,0.7296724
Ireland,2008,84.33328243,75.70616173,2.75E+11,4489544,8.454492689,18.65242503,0,0.67992268
Ireland,2009,93.55616834,80.03532498,2.36E+11,4535375,22.82760872,20.04062843,0,0.716957702
Ireland,2010,103.2094204,86.65441733,2.22E+11,4560155,17.00491006,18.65947867,0.008434246,0.75430899
Ireland,2011,102.2575011,83.76834409,2.41E+11,4580084,9.820009625,18.91106349,0.005181253,0.718413899
Ireland,2012,103.6622343,86.40108355,2.27E+11,4599533,25.55998513,18.06663488,0.005808028,0.77833812
Ireland,2013,104.7688069,85.0490549,2.43E+11,4623816,29.81498842,16.81776274,0.004259886,0.752945123
Ireland,2014,110.3233716,91.33158831,2.67E+11,4657740,39.32118228,15.96983824,0.003931613,0.752728197
Ireland,2015,122.9246614,93.28101592,3.02E+11,4701957,74.74516519,12.10309936,0.00127546,0.901296423
Ireland,2016,124.1971803,105.5672528,3.06E+11,4762722,26.09956264,12.5240695,0.001032421,0.903421436
Ireland,2017,124.8149992,101.1386034,3.49E+11,4827445,20.4067173,11.92312678,0.001372732,0.885205508
Ireland,2018,122.9656029,93.45804488,3.95E+11,4898022,20.37657934,11.75349737,0.002226363,0.846772667
Ireland,2019,127.2715429,122.4742228,4.07E+11,4976456,7.676315243,11.81450312,0.001920755,0.893276257
Ireland,2020,135.4628767,114.6455756,4.37E+11,5039747,8.08332624,12.60673881,0.000960472,0.875506397
Ireland,2021,133.0550636,91.36377225,5.31E+11,5110585,14.62861711,11.68537011,0.001944657,0.845494139
Indonesia,1995,26.31216501,27.64642505,2.02E+11,199888057,2.15007984,7.829064049,2.973325264,2248.607975
Indonesia,1996,25.82455198,26.44019168,2.27E+11,203204348,2.724197886,7.566958586,3.298296147,2342.296292
Indonesia,1997,27.85924328,28.13461553,2.16E+11,206536095,2.167796852,6.842805066,2.952736605,2909.38
Indonesia,1998,52.96813457,43.21805779,95445547873,209826788,-0.252290448,5.693507793,3.105138705,10013.6225
Indonesia,1999,35.51412908,27.42978378,1.40E+11,213004668,-1.332573541,6.604456942,3.778092816,7855.15
Indonesia,2000,40.97730847,30.45956744,1.65E+11,216077790,-2.757439934,6.531994973,6.513961242,8421.775
Indonesia,2001,39.0321391,30.76106843,1.60E+11,219097902,-1.855686193,6.88905937,4.502790392,10260.85
Indonesia,2002,32.68762089,26.39184088,1.96E+11,222088495,0.074151638,7.257458338,3.501254481,9311.191667
Indonesia,2003,30.47765478,23.13883897,2.35E+11,225048008,-0.25425632,8.129486264,3.06092866,8577.133333
Indonesia,2004,32.21669462,27.54460022,2.57E+11,227926649,0.73824398,8.321868006,3.942375395,8938.85
Indonesia,2005,34.06726763,29.92066824,2.86E+11,230871650,2.916114833,8.109507721,5.206369646,9704.741667
Indonesia,2006,31.03471631,25.6224105,3.65E+11,233951652,1.347942641,8.627168802,4.552891843,9159.316667
Indonesia,2007,29.43571849,25.39353149,4.32E+11,237062337,1.603010572,8.346469679,3.68795781,9141
Indonesia,2008,29.80828417,28.75311546,5.10E+11,240157903,1.826329024,8.42378092,4.60202331,9698.9625
Indonesia,2009,24.15911967,21.3530017,5.40E+11,243220028,0.90391942,9.589178147,2.121914929,10389.9375
Indonesia,2010,24.29903094,22.40224294,7.55E+11,246305322,2.025179146,9.005914993,2.31580792,9090.433333
Indonesia,2011,26.32735309,23.8526601,8.93E+11,249470032,2.302984294,9.05867718,2.960419802,8770.433333
Indonesia,2012,24.59437879,24.98851951,9.18E+11,252698525,2.309780319,9.248788371,2.519448338,9386.629167
Indonesia,2013,23.92357638,24.7137963,9.13E+11,255852467,2.551356334,9.517719963,2.242288164,10461.24
Indonesia,2014,23.6659846,24.41419099,8.91E+11,258877399,2.819972604,9.425025719,1.975025498,11865.2113
Indonesia,2015,21.16017926,20.77746098,8.61E+11,261799249,2.297616394,9.74941377,0.796675129,13389.41294
Indonesia,2016,19.08899385,18.33234795,9.32E+11,264627418,0.487372471,9.52781009,0.622279338,13308.3268
Indonesia,2017,20.17730444,19.17819264,1.02E+12,267346658,2.019489198,9.120571152,0.799367966,13380.83388
Indonesia,2018,21.0027465,22.07156246,1.04E+12,269951846,1.814289793,9.021231804,1.13230202,14236.93877
Indonesia,2019,18.5915278,19.03624974,1.12E+12,272489381,2.233362043,8.808471291,0.74013461,14147.67136
Indonesia,2020,17.33116828,15.64100712,1.06E+12,274814866,1.81058402,9.655750531,0.287189046,14582.20347
Indonesia,2021,21.41655564,18.78820264,1.19E+12,276758053,1.787855631,9.246941615,0.76602834,14308.1439
Italy,1995,24.61575521,20.96374746,1.18E+12,56844303,0.411415708,17.39468597,0.024327275,1628.933158
Italy,1996,23.66230384,19.13974521,1.31E+12,56860281,0.269927028,17.58499727,0.032795011,1542.946967
Italy,1997,24.08949169,20.38767351,1.24E+12,56890372,0.296168797,17.63870712,0.029627724,1703.096908
Italy,1998,24.01232571,20.98554856,1.27E+12,56906744,0.207433277,17.49159348,0.008603988,1736.207383
Italy,1999,23.15345161,21.37638861,1.26E+12,56916317,0.553126855,17.51144771,0.023833743,0.938283072
Italy,2000,25.56119563,24.71353552,1.15E+12,56942108,1.145814091,17.68998,0.049110301,1.082705081
Italy,2001,25.56108019,24.30219213,1.17E+12,56976981,1.269416368,18.3367541,0.032284728,1.116533086
Italy,2002,24.31269482,23.55862386,1.28E+12,57089824,1.344990065,18.47398601,0.040790167,1.057558996
Italy,2003,23.22404969,22.77003629,1.58E+12,57399184,1.236497289,18.91179417,0.040084793,0.884047927
Italy,2004,23.92684095,23.33955144,1.81E+12,57828179,1.108817622,19.09313591,0.046373355,0.803921648
Italy,2005,24.51185336,24.61032087,1.86E+12,58166682,1.971175482,19.54334315,0.074743624,0.803800192
Italy,2006,26.05306282,26.87048014,1.96E+12,58399861,2.910065495,19.39412418,0.077749954,0.796432731
Italy,2007,27.24505454,27.58298702,2.22E+12,58756247,2.968495815,18.94698481,0.077069007,0.7296724
Italy,2008,26.7427616,27.4714933,2.42E+12,59211181,-0.393031898,19.48830907,0.09355563,0.67992268
Italy,2009,22.2771596,22.86431698,2.21E+12,59555454,0.751632234,20.58920522,0.048036487,0.716957702
Italy,2010,24.91865142,26.74346039,2.14E+12,59819407,0.462974197,20.4683139,0.063241973,0.75430899
Italy,2011,26.56298665,27.90922829,2.31E+12,60026841,1.493969222,19.71313211,0.10102179,0.718413899
Italy,2012,27.98518708,26.89930819,2.10E+12,60191247,0.001663594,19.7044703,0.108313382,0.77833812
Italy,2013,28.17744241,25.85674223,2.15E+12,60311613,0.907076905,19.70324699,0.099816037,0.752945123
Italy,2014,28.62240274,25.8321272,2.17E+12,60320707,0.783743282,19.43790545,0.09678461,0.752728197
Italy,2015,29.14411105,26.29157476,1.85E+12,60229605,0.720886368,19.01931349,0.046200329,0.901296423
Italy,2016,28.79874889,25.63339781,1.89E+12,60115223,1.359573509,18.92534428,0.023882382,0.903421436
Italy,2017,30.13988592,27.44310811,1.97E+12,60002252,0.443341549,18.74481583,0.038672573,0.885205508
Italy,2018,30.81350727,28.46147624,2.10E+12,60148658,2.107696104,18.81339072,0.066028868,0.846772667
Italy,2019,30.94987392,27.74431634,2.02E+12,59729081,1.770668942,18.5421072,0.055800624,0.893276257
Italy,2020,28.72585519,25.21362872,1.91E+12,59438851,-0.893869914,20.56805703,0.039853142,0.875506397
Italy,2021,31.17160886,29.13036876,2.18E+12,59133173,1.204743156,19.19460405,0.077005203,0.845494139
Japan,1995,8.816470433,7.573634501,5.55E+12,125472000,0.00074768,15.07972857,0.001269453,94.05957917
Japan,1996,9.315745084,8.938123142,4.92E+12,125757000,-0.000775961,15.14593732,0.001680914,108.7790567
Japan,1997,10.38369564,9.399821984,4.49E+12,126057000,0.055358119,15.30194166,0.001347331,120.9908625
Japan,1998,10.3738061,8.629380124,4.10E+12,126400000,0.061293304,15.66540677,0.000714692,130.9053007
Japan,1999,9.805539002,8.320091715,4.64E+12,126631000,0.318821542,16.21677357,0.001089537,113.906805
Japan,2000,10.4634942,9.098877381,4.97E+12,126843000,0.215124715,16.54919141,0.002046007,107.7654983
Japan,2001,10.07679996,9.482804509,4.37E+12,127149000,0.112602474,17.22899051,0.001135119,121.5289475
Japan,2002,10.85544561,9.591676459,4.18E+12,127445000,0.27630407,17.77490678,0.001125596,125.3880192
Japan,2003,11.46580158,9.860323691,4.52E+12,127718000,0.194079344,17.83646959,0.001150872,115.9334642
Japan,2004,12.78626462,10.8780888,4.89E+12,127761000,0.153847736,17.72335483,0.001124002,108.1925692
Japan,2005,13.81589572,12.41405886,4.83E+12,127773000,0.113001254,17.74389332,0.001907993,110.2182117
Japan,2006,15.65737405,14.35900205,4.60E+12,127854000,-0.052087901,17.59507536,0.002147203,116.2993117
Japan,2007,17.28912737,15.52745068,4.58E+12,128001000,0.472322727,17.63430875,0.002489062,117.7535292
Japan,2008,17.23554338,16.89393316,5.11E+12,128063000,0.482208589,18.02503032,0.002541879,103.359494
Japan,2009,12.41956575,11.97060079,5.29E+12,128047000,0.231146375,19.33373931,0.001212145,93.57008909
Japan,2010,14.91850345,13.57996924,5.76E+12,128070000,0.12920449,19.20259624,0.001580791,87.779875
Japan,2011,14.77446226,15.42049847,6.23E+12,127833000,-0.013648274,19.88539928,0.002346023,79.80701983
Japan,2012,14.41477461,16.0561363,6.27E+12,127629000,0.008720202,19.95733251,0.002486387,79.79045542
Japan,2013,15.78415673,18.19461192,5.21E+12,127445000,0.204293384,19.85437013,0.002798886,97.59565828
Japan,2014,17.41865535,20.01277922,4.90E+12,127276000,0.403354543,19.92617736,0.00369773,105.944781
Japan,2015,17.43675984,17.99064852,4.44E+12,127141000,0.118161988,19.61774414,0.001976045,121.0440257
Japan,2016,16.05796924,15.25227761,5.00E+12,127076000,0.818481615,19.6572481,0.001205671,108.7929
Japan,2017,17.5914391,16.83177447,4.93E+12,126972000,0.381319638,19.41179555,0.001882188,112.1661411
Japan,2018,18.3149456,18.2949862,5.04E+12,126811000,0.501685482,19.56367433,0.002541229,110.4231793
Japan,2019,17.46352643,17.75289168,5.12E+12,126633000,0.780785313,19.94510592,0.00193345,109.0096659
Japan,2020,15.53318286,15.80202577,5.05E+12,126261000,1.238303864,20.97567665,0.000710793,106.7745823
Japan,2021,18.10919194,18.62925429,5.04E+12,125681593,0.695100892,21.24576657,0.002231321,109.7543238
Jordan,1995,51.72121238,72.86147581,6727597032,4752096,0.197813412,23.57095892,0.001999662,0.7003775
Jordan,1996,52.87889893,78.18022437,6927503526,4912516,0.223959606,24.51543285,0.003169853,0.709
Jordan,1997,49.24759893,71.48951395,7245839210,5046285,4.981215814,25.54843984,0.002743247,0.709
Jordan,1998,44.79510499,64.25729794,7912270804,5164284,3.918143249,24.36807016,0.001690085,0.709
Jordan,1999,43.31078518,61.15958846,8149929478,5276444,1.938286347,23.99840784,0.002345883,0.709
Jordan,2000,41.82739594,68.50150866,8460789845,5386945,10.79400537,23.698468,0.003825187,0.709
Jordan,2001,42.13429294,67.15118563,8975814653,5498894,3.048505142,22.91748511,0.002704977,0.708983174
Jordan,2002,47.42125405,66.61760377,9582510578,5616066,2.486017341,22.69060936,0.00236581,0.708999833
Jordan,2003,47.37227994,68.33455531,10195627645,5741828,5.364726714,23.18535836,0.002363999,0.709
Jordan,2004,52.18949684,82.43211509,11411706629,5882061,8.209222707,21.2967655,0.002525071,0.709
Jordan,2005,52.70458008,94.20431119,12588998590,6029587,15.76364614,19.5303397,0.002994174,0.709
Jordan,2006,53.87432789,87.87305394,15056981664,6427371,23.53729134,20.63903929,0.003366955,0.709
Jordan,2007,54.23491299,91.75933329,17110437236,6827227,15.32482626,20.60290323,0.003226991,0.708999767
Jordan,2008,56.05049657,84.8624294,22658715989,6989866,12.4753075,18.37670225,0.004796544,0.70966655
Jordan,2009,45.07547171,67.07652648,24537876056,7141753,9.834178745,20.92195268,0.002231805,0.71
Jordan,2010,46.99714264,67.22553505,27133804225,7297043,6.22247567,19.24733874,0.002224857,0.71
Jordan,2011,46.55057763,72.14910187,29524149155,7480424,5.033358727,20.06473965,0.00229865,0.71
Jordan,2012,45.22598541,72.62960228,31634561690,7587127,4.894806887,19.11352189,0.002475229,0.71
Jordan,2013,41.29560357,70.15592442,34454440141,7991809,5.649771687,18.26457699,0.001912678,0.71
Jordan,2014,42.13390771,67.80489783,36847643521,8791710,5.912048902,18.22120457,0.001619988,0.71
Jordan,2015,36.54443702,58.8134752,38587017887,9544729,4.147202292,17.82326069,0.000429911,0.71
Jordan,2016,34.39521007,54.32550783,39892551127,10006367,3.892851429,17.25056419,0.000250813,0.71
Jordan,2017,34.36836913,55.36323138,41608435915,10234226,4.878141332,16.94537194,0.000211795,0.71
Jordan,2018,34.79911584,52.83679935,43370860704,10462306,2.201776866,16.74389605,0.000980516,0.71
Jordan,2019,36.33494044,49.35289306,44503006338,10671891,1.639705651,16.37173776,0.000787731,0.71
Jordan,2020,23.89994196,42.16000685,43700383099,10865228,1.739759783,16.54995644,0.00046772,0.71
Jordan,2021,29.95841426,50.37445569,46296100141,11066356,1.34316062,15.8410812,0.014363314,0.71
Kazakhstan,1995,38.97386091,43.54854613,20374302652,16730536,4.732431909,13.58209014,5.829307243,60.95
Kazakhstan,1996,35.26880493,36.00476836,21035357937,16416027,5.405184943,12.91114524,8.612280174,67.30333333
Kazakhstan,1997,34.91685667,37.44269403,22165932063,16043251,5.961400568,12.3806733,7.158606684,75.4375
Kazakhstan,1998,30.34420329,34.85997945,22135245507,15647785,5.201659045,10.78139013,2.252187551,78.30333333
Kazakhstan,1999,42.46209551,40.11705585,16870817182,15455874,9.406776109,11.54069146,10.68110719,119.5233333
Kazakhstan,2000,56.6024268,49.09726583,18291990662,15501103,7.492466099,12.07678398,24.70221273,142.1333333
Kazakhstan,2001,45.89501861,46.9540499,22152689180,15575550,12.71549033,13.41405583,16.87691583,146.7358333
Kazakhstan,2002,46.99064076,47.04104489,24636598527,15656677,10.50669011,11.60950495,18.66367966,153.2791667
Kazakhstan,2003,48.41702209,43.04631033,30833692900,15747380,8.05370034,11.25754728,19.05618868,149.5758333
Kazakhstan,2004,52.50041043,43.90878928,43151647003,15850159,13.01285892,11.61450258,21.32874601,136.035
Kazakhstan,2005,53.19435825,44.56814477,57123671734,15968117,4.457111444,11.24852885,24.61194499,132.88
Kazakhstan,2006,50.97529784,40.47822896,81003864630,16103716,9.39605596,10.18086221,21.14004009,126.0894306
Kazakhstan,2007,49.31282089,42.84881221,1.05E+11,16257214,11.41902975,11.05392273,18.71837774,122.5541667
Kazakhstan,2008,57.14638494,37.14841971,1.33E+11,16426525,12.603929,10.18849332,22.93794685,120.2991667
Kazakhstan,2009,41.83842245,33.92764502,1.15E+11,16619846,12.38058345,11.66292609,15.48117537,147.4966667
Kazakhstan,2010,44.2441795,29.8940864,1.48E+11,16836810,5.036306283,10.81234472,14.38764802,147.355
Kazakhstan,2011,46.46466279,26.65319426,1.93E+11,17066002,7.143510398,10.4758481,18.3529533,146.6208333
Kazakhstan,2012,44.10966304,29.61406945,2.08E+11,17306106,6.561648211,11.5216031,16.12102716,149.1125
Kazakhstan,2013,38.61703772,26.79057161,2.37E+11,17556502,4.230697092,10.17335661,13.57532937,152.1291667
Kazakhstan,2014,39.34175809,25.63027656,2.21E+11,17816285,3.300631119,10.68967628,13.4439854,179.1916667
Kazakhstan,2015,28.51670801,24.5330208,1.84E+11,18084169,3.567374022,11.63272615,6.773963983,221.7283333
Kazakhstan,2016,31.84388864,28.46770794,1.37E+11,18363600,12.54662028,11.63085341,6.949932009,342.16
Kazakhstan,2017,32.39775294,24.427635,1.67E+11,18651931,2.85205738,10.53594178,9.663462312,326.0010227
Kazakhstan,2018,37.62521843,25.90273809,1.79E+11,18932727,0.196995427,8.321200707,15.08818304,344.7058333
Kazakhstan,2019,36.4389871,28.41962945,1.82E+11,19209555,2.053676493,9.132161576,13.33292183,382.7473106
Kazakhstan,2020,30.5289068,26.49753557,1.71E+11,19482117,4.211999903,12.74204401,7.125777246,412.9533333
Kazakhstan,2021,33.64486212,25.02374645,1.97E+11,19743603,2.316758746,11.27034704,14.84480162,425.9075
Kenya,1995,32.59170122,39.15404042,9046320255,26601751,0.467474589,14.84292105,0,51.42983333
Kenya,1996,25.20060195,32.11150875,12045865396,27344211,0.902159605,15.18056739,0,57.11486667
Kenya,1997,22.68638735,31.37072951,13115764358,28101768,0.473451703,15.53615219,0,58.73184167
Kenya,1998,20.16926083,28.72798111,14093998844,28888057,0.188365603,16.24996092,0,60.3667
Kenya,1999,20.8327352,27.35953979,12896010459,29733408,0.402864561,15.75329665,0,70.32621667
Kenya,2000,21.58757114,31.72147324,12705350098,30642890,0.872896453,15.05429226,0,76.17554167
Kenya,2001,22.93157636,33.01525966,12986007426,31619170,0.040833358,15.97291175,0,78.563195
Kenya,2002,24.89797261,30.27469965,13147736899,32629808,0.210062365,17.07799991,0,78.74914167
Kenya,2003,24.08681531,30.04545059,14904517650,33652223,0.548412532,18.13131858,0,75.93556944
Kenya,2004,26.61025858,32.86674477,16095337094,34713455,0.286194264,17.86006596,0,79.17387606
Kenya,2005,28.50903021,35.96983595,18737895513,35796484,0.113202069,17.38021155,0,75.55410945
Kenya,2006,22.98493964,32.25154548,25825512284,36904008,0.196219632,14.3469988,0,72.10083502
Kenya,2007,21.91899129,31.97579751,31958195182,38036349,2.281243174,14.62961147,0,67.31763812
Kenya,2008,22.67405755,34.90454109,35895153328,39206351,0.266291327,15.67397942,0,69.17531982
Kenya,2009,18.77494549,27.17024632,42347217913,40408891,0.274534231,13.55459479,0,77.3520123
Kenya,2010,20.12435965,30.2699277,45405615064,41598567,0.392164287,12.95297182,0.016638219,79.2331517
Kenya,2011,21.54947707,36.8527289,46869473151,42758461,3.094711034,12.68464202,0.028812387,88.81076997
Kenya,2012,19.86494772,31.7587443,56396704672,43888303,2.44725941,12.27137742,0.023087818,84.52960176
Kenya,2013,17.79218055,29.67246196,61671440408,44986791,1.814170373,11.842626,0.025194778,86.1228789
Kenya,2014,16.47280447,29.6976849,68285796514,46051440,1.202208424,11.74249459,0.022527367,87.92216381
Kenya,2015,15.1287339,25.19865079,70120446897,47088526,0.883799936,12.72668008,0.007663308,98.17845333
Kenya,2016,13.2497448,21.61527477,74815144164,48139687,0.627591266,12.60976863,0.006587072,101.5043695
Kenya,2017,12.73665994,23.25839793,82036510877,49197766,1.640836904,12.33507902,0,103.4100045
Kenya,2018,12.54197533,21.87277784,92202979985,50207107,0.832686218,12.3486894,0.001469744,101.301574
Kenya,2019,11.42799569,20.33146615,1.00E+11,51202827,0.468168547,12.17079729,0.002842493,101.9912984
Kenya,2020,9.641868882,17.59594664,1.01E+11,52217334,-0.005368454,12.47765997,0,106.4507802
Kenya,2021,10.76957434,20.05472884,1.10E+11,53219166,0.382593997,12.1468578,0,109.6377466
"Korea, Rep.",1995,25.72425197,26.73976999,5.67E+11,45092991,0.438966359,10.03936485,0,771.2541667
"Korea, Rep.",1996,24.80197143,27.85200149,6.10E+11,45524681,0.456039044,10.38983528,0,804.4575
"Korea, Rep.",1997,28.34551472,29.17752303,5.70E+11,45953580,0.579389363,10.21027974,0.004544146,949.89
"Korea, Rep.",1998,39.5366811,28.96079095,3.83E+11,46286503,1.562406112,11.40300732,0.00423667,1403.183333
"Korea, Rep.",1999,32.59082294,27.17193082,4.98E+11,46616677,2.155979354,11.0764338,0.00668755,1189.439167
"Korea, Rep.",2000,33.93916896,32.15599115,5.76E+11,47008111,1.997537615,10.90000773,0.017111438,1130.3625
"Korea, Rep.",2001,31.78774105,30.43605617,5.48E+11,47370164,1.190947724,11.75504896,0.011708453,1290.79
"Korea, Rep.",2002,29.77275441,28.58028499,6.27E+11,47644736,0.872877922,11.74164021,0.009574336,1251.6025
"Korea, Rep.",2003,31.39783726,29.77676402,7.03E+11,47892330,0.997559671,12.15204839,0.008918823,1191.645833
"Korea, Rep.",2004,36.75433645,33.26137842,7.93E+11,48082519,1.676098034,12.38732322,0.010407169,1146.249167
"Korea, Rep.",2005,35.2830828,33.04172823,9.35E+11,48184561,1.45932018,12.86225735,0.015275422,1024.328333
"Korea, Rep.",2006,35.62641862,35.02545491,1.05E+12,48438292,0.869896781,13.37064434,0.018650835,955.3408333
"Korea, Rep.",2007,37.39217969,36.4823456,1.17E+12,48683638,0.752754048,13.44286962,0.019819399,929.3758333
"Korea, Rep.",2008,47.64188521,47.87446723,1.05E+12,49054708,1.068183262,14.04856888,0.032798175,1100.125833
"Korea, Rep.",2009,45.18535191,40.94826746,9.44E+11,49307835,0.955768594,14.66063278,0.023956729,1277.245833
"Korea, Rep.",2010,47.10373691,44.29585958,1.14E+12,49554112,0.830430228,14.20483208,0.043844811,1156.46
"Korea, Rep.",2011,53.3377319,52.22858168,1.25E+12,49936638,0.779787887,14.37265846,0.059670311,1108.233333
"Korea, Rep.",2012,54.09405134,51.3642764,1.28E+12,50199853,0.743001114,14.68586389,0.056909707,1126.806667
"Korea, Rep.",2013,51.29207111,46.66003384,1.37E+12,50428893,0.931438278,14.97654181,0.046138458,1094.9825
"Korea, Rep.",2014,47.83142087,42.78302103,1.48E+12,50746659,0.624700012,15.22522234,0.040319128,1052.84
"Korea, Rep.",2015,42.98956153,36.14293286,1.47E+12,51014947,0.279944816,15.08352973,0.018410126,1130.9525
"Korea, Rep.",2016,40.13265091,33.47115855,1.50E+12,51217803,0.807125615,15.24002234,0.015477447,1160.7675
"Korea, Rep.",2017,40.93420694,36.18671087,1.62E+12,51361911,1.103640251,15.41897247,0.015612916,1131.000833
"Korea, Rep.",2018,41.71329084,37.27557467,1.73E+12,51585058,0.7060848,16.05172731,0.025134671,1100.163333
"Korea, Rep.",2019,39.27586107,36.4812779,1.65E+12,51764822,0.583393861,17.07786565,0.0191642,1165.3575
"Korea, Rep.",2020,36.35959055,32.67445454,1.64E+12,51836239,0.533043338,18.03934527,0.008986813,1180.265833
"Korea, Rep.",2021,41.8772295,38.32222742,1.82E+12,51769539,1.213154999,18.15980062,0.028312416,1143.951667
Kuwait,1995,52.35460136,41.96502299,27186980647,1681513,0.024649082,32.19660089,36.22706402,0.298447721
Kuwait,1996,52.28494766,39.18719708,31492373309,1730246,1.102970079,27.2613505,40.13640911,0.299408563
Kuwait,1997,52.85281371,39.59073284,30350190704,1787683,0.065169966,26.62734748,38.39291859,0.303348835
Kuwait,1998,43.86264466,51.09719851,25943705784,1844302,0.227661054,30.50148612,27.92703907,0.30475564
Kuwait,1999,45.93389097,39.43422358,30122365849,1900030,0.239920871,26.86347427,33.88053247,0.304414667
Kuwait,2000,56.47217445,30.14615006,37718743480,1954709,0.04321415,21.47913192,50.28923812,0.306751583
Kuwait,2001,51.30841121,35.54205607,34889559870,2008121,-0.319626516,23.63084112,42.79801431,0.306681667
Kuwait,2002,44.61604832,36.60914582,38135788414,2059974,0.009490933,25.27523727,37.20037162,0.303914252
Kuwait,2003,52.0915106,34.46366491,47874582232,2109881,-0.140181901,22.99820567,39.8168513,0.298011521
Kuwait,2004,56.91711338,32.3805283,59439090601,2157320,0.039961865,19.85590893,46.11283364,0.2947
Kuwait,2005,63.9760609,28.2666192,80798630137,2236788,0.289490192,15.71045895,53.31648346,0.292
Kuwait,2006,65.54573372,24.16735947,1.02E+11,2364733,0.119445436,13.89402603,51.03945408,0.290176225
Kuwait,2007,63.4150384,28.31746499,1.15E+11,2507887,0.097297179,14.00557387,48.15500157,0.284213958
Kuwait,2008,66.75954952,25.92390673,1.47E+11,2651421,-0.004038379,13.39683694,52.89129356,0.268828367
Kuwait,2009,59.43363435,29.37743063,1.06E+11,2795484,1.050865144,18.47902362,38.85485315,0.287785417
Kuwait,2010,66.67351127,30.35451039,1.15E+11,2943372,1.130367304,17.13045201,48.19060693,0.286606592
Kuwait,2011,73.21767497,25.89881776,1.54E+11,3132814,2.11573865,14.88197819,58.36892958,0.275978944
Kuwait,2012,74.73183717,26.27959801,1.74E+11,3337109,1.650461098,15.05965479,57.41296373,0.279935558
Kuwait,2013,70.86101793,26.74447332,1.74E+11,3507844,0.823130244,16.38684189,55.55793945,0.283589442
Kuwait,2014,68.50552508,31.5316647,1.63E+11,3665876,0.298681409,17.75541327,53.23956915,0.284567142
Kuwait,2015,53.76537238,44.93461594,1.15E+11,3834574,0.248414926,24.19181058,36.44829944,0.300852025
Kuwait,2016,47.63228528,48.52538713,1.09E+11,4004096,0.266918369,25.70546378,31.67321062,0.302137441
Kuwait,2017,51.19631565,46.64373092,1.21E+11,4154812,0.09364021,24.42126982,36.00909082,0.303349758
Kuwait,2018,57.31146277,45.47416791,1.39E+11,4323515,-0.015418779,22.98055676,44.04906714,0.301956494
Kuwait,2019,52.05825607,39.62745631,1.41E+11,4442316,0.366059042,24.40264998,38.65534731,0.303611163
Kuwait,2020,43.71285322,38.29789261,1.11E+11,4400267,-0.502546858,30.17793834,27.58168914,0.306233122
Kuwait,2021,51.72569262,30.27468249,1.48E+11,4360865,-0.183575379,25.39124655,..,0.301643111
Kyrgyz Republic,1995,29.46714483,42.35712383,1661147035,4560454,5.784557174,19.53843581,0.315220464,10.82188333
Kyrgyz Republic,1996,30.738099,56.5576748,1827570586,4628438,2.584742847,18.51807533,0.400655642,12.80955833
Kyrgyz Republic,1997,38.28688933,46.19024497,1767864036,4696421,4.741314847,17.29567844,0.393096429,17.36249167
Kyrgyz Republic,1998,36.48329208,58.02600245,1645963750,4769015,6.636141592,17.85444716,0.091713922,20.83756667
Kyrgyz Republic,1999,42.2029378,56.99655342,1249061487,4840422,3.555693652,19.12050714,0.346301645,39.00773333
Kyrgyz Republic,2000,41.84786184,47.58306978,1369688498,4898362,-0.172311074,20.04140293,0.90016353,47.70383333
Kyrgyz Republic,2001,36.72457315,37.02233922,1525116370,4945073,0.328285302,17.47575575,0.589736238,48.37795833
Kyrgyz Republic,2002,39.58135412,43.3393749,1605643105,4990704,0.290348679,18.61920633,0.445969369,46.93706667
Kyrgyz Republic,2003,38.68112372,45.25165909,1919008090,5043308,2.373342146,16.83100556,0.398560925,43.648375
Kyrgyz Republic,2004,42.55591108,51.25982107,2211534585,5104713,7.93380358,18.17262617,0.475114651,42.64994167
Kyrgyz Republic,2005,38.30555644,56.77844819,2460246766,5162640,1.730121095,17.50985142,0.900674261,41.01182051
Kyrgyz Republic,2006,41.7206136,79.02936816,2834168889,5218373,6.422443743,17.98733042,0.901919856,40.15289995
Kyrgyz Republic,2007,52.91297886,84.14540898,3802570553,5268385,5.467866401,17.10302563,0.372572937,37.31625681
Kyrgyz Republic,2008,53.5489561,92.55712613,5139958909,5318729,7.334536302,17.52070169,0.419785697,36.57459167
Kyrgyz Republic,2009,54.69834696,78.68080621,4690061381,5389643,4.037844809,18.43155029,0.240382537,42.90410833
Kyrgyz Republic,2010,51.55432268,81.67852782,4794361863,5467059,9.86092234,18.12707124,0.293982876,45.9642614
Kyrgyz Republic,2011,54.53847717,81.64136325,6197765984,5546587,11.06464493,18.22744293,0.386664883,46.14390132
Kyrgyz Republic,2012,44.40420097,95.27173687,6605142884,5652076,3.950368744,20.10585197,0.358817909,47.00447914
Kyrgyz Republic,2013,42.25015396,91.77663169,7335033801,5777150,8.343750235,18.44699106,0.308548396,48.43805901
Kyrgyz Republic,2014,37.44865159,87.67752949,7468102413,5905848,4.593010126,17.47333377,0.290808188,53.65405831
Kyrgyz Republic,2015,35.18960049,75.77197023,6678177512,6040036,17.13123076,17.7553733,0.035056121,64.46210827
Kyrgyz Republic,2016,35.82540888,69.99816514,6813095379,6175338,9.088683859,17.43415086,0.052474899,69.91406583
Kyrgyz Republic,2017,34.25284136,66.36460445,7702938379,6306696,-1.391842888,17.13017203,0.092568407,68.86666786
Kyrgyz Republic,2018,31.60173001,67.2738299,8271106235,6444079,1.743691786,17.16970011,0.134682037,68.84032033
Kyrgyz Republic,2019,33.47646966,60.95381269,9371275264,6590211,4.309606629,15.70098065,0.10371388,69.78934918
Kyrgyz Republic,2020,29.58187781,49.41040062,8270468614,6726596,-4.854847031,18.37228301,0.051487123,77.3461127
Kyrgyz Republic,2021,35.80558988,64.45578698,9249133946,6851224,2.445692768,16.63294179,0.082429657,84.64082201
Latvia,1995,35.67749682,40.57250445,5608208785,2485056,4.351460678,24.30913755,0,0.527583333
Latvia,1996,41.64031774,50.92150642,5799465288,2457222,5.713492254,22.61051421,0,0.55075
Latvia,1997,40.8165715,50.10958409,6349481007,2432851,7.470752326,21.61501585,0,0.580916667
Latvia,1998,40.31755707,52.73110051,6974112951,2410019,5.325408444,23.25351554,0,0.589833333
Latvia,1999,36.03077537,46.11978145,7324192890,2390482,4.752742114,23.18565893,0,0.585166667
Latvia,2000,37.72139014,45.89074197,7761252607,2367550,4.176965677,21.41966787,0,0.6065
Latvia,2001,38.79641802,49.3804098,8190888740,2337170,2.118216,20.97055922,0,0.627916667
Latvia,2002,37.75636422,48.22084146,9249030241,2310173,1.730891758,21.3131866,0,0.618191667
Latvia,2003,37.73796806,50.84358998,11244337720,2287955,2.816103396,22.08494558,0,0.571475
Latvia,2004,40.62515024,56.61011534,13827070379,2263122,4.278491065,20.69035755,0.010367718,0.540233333
Latvia,2005,44.80522717,59.71192944,16306935905,2238799,4.966330751,18.62978886,0.019542568,0.564716667
Latvia,2006,41.95307744,63.74226464,20434922247,2218357,8.346825905,18.17819628,0.017788152,0.560408333
Latvia,2007,40.38644259,60.49446828,29420499248,2200325,9.222864096,18.60088417,0.022766877,0.513791667
Latvia,2008,41.23453214,54.5336307,34135200994,2177322,4.201743996,20.70106871,0.052576755,0.480816667
Latvia,2009,43.3960592,45.4359903,25691530442,2141669,-0.583936207,19.57389717,0.051168619,0.50555
Latvia,2010,54.36545551,56.49689836,23468324572,2097555,2.023934814,18.78996977,0.063816195,0.530475
Latvia,2011,61.80174356,67.93301446,26575547901,2059709,5.717733091,19.25570401,0.095178623,0.501233333
Latvia,2012,63.83151492,69.37998873,27116149949,2034319,3.98573894,17.9880561,0.137675372,0.546875
Latvia,2013,62.57598027,67.10120466,29152128168,2012647,3.393521988,18.28111094,0.089616535,0.529391667
Latvia,2014,63.57210163,66.47015062,30277203767,1993782,3.451795315,18.48833538,0.089108279,0.752728197
Latvia,2015,62.59556256,63.78445185,26344565877,1977527,3.085432583,18.70956365,0.03458244,0.901296423
Latvia,2016,61.92841964,61.40209878,27117105060,1959537,1.236935052,18.4763444,0.019091674,0.903421436
Latvia,2017,64.13995426,64.57404906,29391059767,1942248,4.048800195,18.67031595,0.036360086,0.885205508
Latvia,2018,63.86981869,64.36427687,33247935477,1927174,1.320769006,18.5352676,0.079536908,0.846772667
Latvia,2019,62.53684302,62.75478869,33099503951,1913822,3.371002667,19.80890115,0.059368195,0.893276257
Latvia,2020,62.65924226,61.22395578,33379927435,1900449,2.814135578,20.88969332,0.031423559,0.875506397
Latvia,2021,66.81127696,69.98533846,38183326785,1884490,9.779360271,21.73099996,0.065399402,0.845494139
Lebanon,1995,10.80645488,62.32893212,11718795529,3960735,0.298665506,12.37334761,0,1621.413333
Lebanon,1996,12.84632,55.25029276,13690217334,4034781,0.584358875,14.37179491,0,1571.444167
Lebanon,1997,14.53195876,47.55463918,15751867489,4108405,11.42467711,17.03917526,0,1539.45
Lebanon,1998,13.76343264,40.95376496,17247179006,4181281,6.580224625,16.6966232,0,1516.131667
Lebanon,1999,14.06398963,36.75018114,17391056369,4255277,5.012211573,16.94314152,0,1507.5
Lebanon,2000,14.17755573,35.9377402,17260364842,4329340,5.75581692,17.26748655,0,1507.5
Lebanon,2001,15.604916,39.95189236,17649751244,4401918,8.237549526,17.596873,0,1507.5
Lebanon,2002,16.09864228,34.94389027,19152238806,4463504,6.975529146,17.10307564,0,1507.5
Lebanon,2003,16.73658134,37.35425268,20082918740,4525508,14.24105903,16.63418662,0,1507.5
Lebanon,2004,35.05490455,55.91789248,21159827992,4599279,8.973516095,14.4495447,0,1507.5
Lebanon,2005,36.62353871,56.13911756,21497336499,4671102,12.20384959,14.54114593,0,1507.5
Lebanon,2006,35.58965751,55.47973952,22022709851,4751136,12.14443813,14.52554216,0,1507.5
Lebanon,2007,37.141517,60.82619096,24827355015,4844118,13.5978269,13.72455493,0,1507.5
Lebanon,2008,38.54565444,68.08001874,29118916105,4925354,14.88051772,13.39917191,0,1507.5
Lebanon,2009,33.1957017,57.20213716,35399582929,4992287,13.56965891,12.90891432,0,1507.5
Lebanon,2010,35.02312287,60.07353008,38443907042,5041288,11.13279363,12.21987078,0,1507.5
Lebanon,2011,36.36309723,65.77678518,39927125962,5096020,7.856939895,12.56874459,0,1507.5
Lebanon,2012,28.80921288,59.73628904,44016799516,5235742,7.068471662,13.66962396,0,1507.5
Lebanon,2013,26.64675475,59.52757385,46880103081,5743436,5.67636791,12.92733628,0,1507.5
Lebanon,2014,23.7561645,56.06099209,48095213747,6346990,5.951755286,12.74596541,0,1507.5
Lebanon,2015,23.13966773,48.69937491,49929337837,6472469,4.324691745,12.53174443,0,1507.5
Lebanon,2016,21.72615589,45.9974619,51147308774,6323060,5.021740406,12.98414909,0,1507.5
Lebanon,2017,21.92693319,46.52849607,53027680686,6160128,4.75677914,13.20871798,0,1507.5
Lebanon,2018,20.75452116,47.50278615,54901519156,5984119,4.84140309,15.336853,0,1507.5
Lebanon,2019,20.69775896,42.28315705,51605959131,5794594,3.69413245,15.62978348,0,1507.5
Lebanon,2020,16.37258687,33.75721742,31712128254,5702398,5.067129866,9.139754887,0,1507.5
Lebanon,2021,26.02562769,52.80299271,23131941557,5718122,2.592900684,2.360136821,0,1507.5
Lithuania,1995,36.93869706,47.60586844,7921210340,3629102,0.915990068,23.8338584,0.090622374,4
Lithuania,1996,41.74529087,51.06850583,8430207164,3601613,1.807784756,23.94484352,0.145143939,4
Lithuania,1997,44.78176168,54.86772729,10168271903,3575137,3.562921049,24.04219613,0.13519423,4
Lithuania,1998,38.98123897,50.38406563,11289161847,3549331,8.138558136,25.77111707,0.049179324,4
Lithuania,1999,32.29657255,42.28816319,11022095814,3524238,5.121870736,23.55806181,0.124753394,4
Lithuania,2000,38.50732964,44.68416463,11550695727,3499536,3.292204288,22.38265705,0.350374403,4
Lithuania,2001,44.01295767,49.47417969,12260761329,3470818,3.608258803,21.13084032,0.356954383,4
Lithuania,2002,47.32906771,53.00316177,14282292665,3443067,4.626641628,20.55666587,0.298245655,3.676958333
Lithuania,2003,46.15346418,51.93794014,18809197970,3415213,1.155811323,19.54565076,0.236285179,3.060866667
Lithuania,2004,48.52333854,55.54873215,22743164431,3377075,3.867275147,19.08770785,0.213297787,2.780591667
Lithuania,2005,55.11377693,62.33591423,26105207115,3322528,4.951314034,18.51910057,0.199035521,2.774025
Lithuania,2006,57.16507121,67.44856184,30116192747,3269909,7.502216047,19.18992463,0.163827336,2.752225
Lithuania,2007,51.60057855,64.69523178,39729151615,3231294,6.548055653,17.45133578,0.111123246,2.523725
Lithuania,2008,57.58072613,69.1789817,47831254208,3198231,3.611220707,18.66654248,0.120394867,2.357075
Lithuania,2009,51.6425314,53.39771984,37494380039,3162916,-0.960671174,21.20541316,0.07157289,2.484033333
Lithuania,2010,64.79851345,66.82799395,36638128534,3097282,3.009695612,20.11071004,0.0803744,2.606333333
Lithuania,2011,73.46921696,76.17608997,43186501863,3028115,4.355090151,18.4673994,0.111619815,2.4811
Lithuania,2012,78.62606836,78.01285729,42709372067,2989139,1.585560093,17.54387902,0.097471513,2.686291667
Lithuania,2013,79.04193858,77.58469935,46303660422,2961250,1.660037165,16.73554362,0.073934911,2.601008333
Lithuania,2014,72.61021239,70.67990339,48306546657,2937253,0.739699359,16.6918744,0.062423515,2.600291667
Lithuania,2015,68.60438078,69.59119423,41540954817,2911109,2.496221163,17.16899149,0.028369813,0.901296423
Lithuania,2016,67.70942489,66.98102476,42970749245,2877325,2.740314741,17.02918464,0.018135232,0.903421436
Lithuania,2017,73.60634061,71.31205249,47756764508,2842639,2.897455723,16.29936413,0.022723248,0.885205508
Lithuania,2018,74.52951913,72.67261339,54261795149,2819200,2.395500851,16.21781687,0.02678983,0.846772667
Lithuania,2019,76.81872299,71.55627302,55122066226,2811089,6.230353006,16.79594806,0.016874439,0.893276257
Lithuania,2020,72.4346855,63.36188006,57412038533,2810369,7.943449004,18.36054542,0.008443611,0.875506397
Lithuania,2021,79.62993851,75.17678916,67037321009,2808380,3.740642344,17.49749496,0.015948543,0.845494139
Madagascar,1995,20.98689761,24.38759396,3838100904,14051275,0.252994077,11.3713546,0,853.1263333
Madagascar,1996,17.02486156,18.8575986,4931861039,14510711,0.206045785,10.5087993,0,812.2503333
Madagascar,1997,16.14294254,20.73080524,4262965420,14990814,0.328537057,14.49006928,0,1018.177167
Madagascar,1998,16.41237559,20.91981143,4401967633,15489364,0.377908953,17.0150016,0,1088.279667
Madagascar,1999,18.34662007,22.57779195,4277903780,16000506,1.364810639,17.00916459,0,1256.755
Madagascar,2000,19.11966845,23.65745421,4629247204,16516338,1.791923763,17.28063418,0,1353.496167
Madagascar,2001,20.07024942,20.96487667,5438332602,17032939,1.711171986,16.87160755,0,1317.698833
Madagascar,2002,21.81557441,28.36611753,5351701663,17549913,0.273965161,14.89487792,0,1366.391167
Madagascar,2003,13.69416282,20.3364401,6372498890,18071854,0.202025724,17.66337503,0,1238.327667
Madagascar,2004,19.45730646,29.31807543,5064732626,18606608,1.044689856,18.75260458,0,1868.857833
Madagascar,2005,24.31938611,34.81069883,5859269753,19159707,1.458008037,16.12109208,0,2003.025833
Madagascar,2006,27.48691378,34.61592516,6395712491,19730909,4.607492003,16.87470912,0,2142.301667
Madagascar,2007,27.79620714,38.90652821,8524620890,20318583,9.26011531,19.02903858,0,1873.876667
Madagascar,2008,27.7071994,46.65015456,10725137724,20923840,10.57793076,14.07697711,0,1708.370833
Madagascar,2009,20.37582984,42.03586776,9616879409,21547280,13.44854279,12.50863397,0,1956.205833
Madagascar,2010,21.87438052,36.00051399,9982711338,22183340,9.138671338,13.11607457,0,2089.95
Madagascar,2011,22.71963868,33.76345392,11551819618,22822300,7.05979215,14.11711368,0,2025.1175
Madagascar,2012,21.7806921,30.87102198,11578975062,23462438,7.036805334,15.00769299,0,2194.966667
Madagascar,2013,23.27216608,33.09541571,12423555455,24109290,4.554645311,15.64666967,0,2206.914167
Madagascar,2014,28.28191197,33.68752024,12522957399,24764348,2.977511233,15.80000246,0.086283121,2414.811667
Madagascar,2015,28.39064613,32.82973271,11323020701,25426702,2.897277275,15.1403202,0.065733338,2933.508333
Madagascar,2016,29.09256943,31.74212905,11848613858,26099952,4.564608032,14.7612913,0.058311086,3176.539167
Madagascar,2017,30.90263088,34.44077063,13176313594,26788375,3.52797151,16.12256698,0.095525436,3116.11
Madagascar,2018,31.53602365,36.30548101,13760033282,27494926,4.447927987,13.60330525,0.12909166,3334.752255
Madagascar,2019,28.42440124,34.1769218,14104664679,28219554,3.36279831,15.10611913,0.093270906,3618.321858
Madagascar,2020,20.14207488,28.86863248,13051441204,28953556,2.746571324,18.72397125,0.049486818,3787.754058
Madagascar,2021,23.0916321,32.12422649,14354731964,29691083,2.490723381,17.45357066,0.08382987,3829.977849
Malaysia,1995,94.08917037,98.02402988,88705342903,20330599,4.710245402,12.37318686,3.171161109,2.504404167
Malaysia,1996,91.57615121,90.19083127,1.01E+11,20850087,5.035342931,11.10541832,3.564103402,2.5159425
Malaysia,1997,93.289448,92.37566316,1.00E+11,21375218,5.136241158,10.76704697,3.090255553,2.813191667
Malaysia,1998,115.7437254,93.74847746,72167498981,21906713,2.997750852,9.768996939,2.025056688,3.924375
Malaysia,1999,121.3113937,96.25952574,79148421053,22435531,4.921466665,10.98668724,3.085380881,3.8
Malaysia,2000,119.8097087,100.5970803,93789736842,22967816,4.038428624,10.16523523,5.003052718,3.8
Malaysia,2001,110.4024914,92.96214465,92783947368,23526538,0.597029318,12.03928765,3.806121917,3.8
Malaysia,2002,108.3053028,91.0509299,1.01E+11,24102477,3.166124323,12.95780675,3.794304018,3.8
Malaysia,2003,106.9434461,87.25168291,1.10E+11,24679602,2.920942095,12.96800862,4.236406666,3.8
Malaysia,2004,115.3733377,95.00092818,1.25E+11,25256772,3.50787262,12.57994971,5.611375302,3.8
Malaysia,2005,112.8989768,90.95566782,1.44E+11,25836071,2.734387349,11.47360636,7.089440628,3.787091667
Malaysia,2006,112.1854808,90.391666,1.63E+11,26417909,4.727164848,11.16769216,7.018827094,3.668176958
Malaysia,2007,106.1682749,86.29723149,1.94E+11,26998389,4.686845783,11.56686807,5.895661192,3.437569382
Malaysia,2008,99.49957724,77.16874754,2.31E+11,27570059,3.280819491,11.50478798,7.126114675,3.335833333
Malaysia,2009,91.41679187,71.14217859,2.02E+11,28124778,0.056692316,13.04847957,3.929013125,3.524502911
Malaysia,2010,86.93029507,71.01446982,2.55E+11,28655776,4.268646639,12.58116903,4.635019884,3.221086915
Malaysia,2011,85.25544211,69.6822425,2.98E+11,29162039,5.074460321,13.27066148,5.481691612,3.060003011
Malaysia,2012,79.29991393,68.54184084,3.14E+11,29662831,2.829057382,13.84213366,4.899577576,3.088800867
Malaysia,2013,75.62904103,67.09195043,3.23E+11,30174265,3.49431176,13.71540152,4.34705959,3.15090855
Malaysia,2014,73.79349863,64.51873255,3.38E+11,30696137,3.141229404,13.32874807,3.855431536,3.272859746
Malaysia,2015,69.4486909,61.92138155,3.01E+11,31232798,3.270944029,13.0865608,1.865289564,3.905500263
Malaysia,2016,66.77544545,60.12356457,3.01E+11,31789685,4.471309586,12.5648978,1.529727189,4.148300663
Malaysia,2017,70.01174251,63.14343086,3.19E+11,32355644,2.935820381,12.19259187,2.079112971,4.300440878
Malaysia,2018,68.55497142,61.84765408,3.59E+11,32910967,2.314587212,11.9694463,2.71329599,4.035130137
Malaysia,2019,65.27776684,57.75079519,3.65E+11,33440596,2.506977057,11.65310018,1.830202222,4.142469736
Malaysia,2020,61.57793591,55.21024653,3.37E+11,33889558,1.202754643,12.96227361,0.685563649,4.203481949
Malaysia,2021,70.63305555,63.40293914,3.74E+11,34282399,5.416259849,12.63688126,1.845611853,4.143297598
Malta,1995,85.32092047,91.74260801,3709360097,377419,10.5729435,17.81616731,0,0.35305875
Malta,1996,77.11481539,86.98551176,3822489746,379905,8.188279572,18.94999221,0,0.360455868
Malta,1997,74.77972274,80.87699718,3787070704,382791,3.617412186,18.20664944,0,0.385966125
Malta,1998,75.31003693,81.73675798,4010092091,385287,8.061779101,18.0455272,0,0.388459511
Malta,1999,80.27586568,84.89543801,4111891845,387578,16.2220419,17.61719057,0,0.398898395
Malta,2000,90.26878866,99.33183232,4036809865,390087,18.41021375,17.65521682,0,0.438149992
Malta,2001,78.45717419,82.86719754,4070867153,393028,10.24079516,18.85624756,0,0.450041567
Malta,2002,82.51844159,80.00731028,4455127398,395969,-11.17356393,18.76237316,0,0.433620338
Malta,2003,75.45631105,79.11717922,5418315225,398582,16.82210343,18.8147201,0,0.377233333
Malta,2004,75.0973753,80.79247555,6104141501,401268,122.3602075,18.85443436,0,0.34466318
Malta,2005,74.2239519,83.32542134,6393234965,403834,341.0076521,18.16987092,0.010736353,0.345777392
Malta,2006,89.18008793,93.25400325,6749838862,405308,370.9035606,18.4868776,0.012132868,0.340893886
Malta,2007,90.85376371,93.97758113,7908412374,406724,450.0457959,17.8896957,0.005650904,0.311675
Malta,2008,91.47245119,94.2768987,9135419490,409379,162.4202383,19.43551074,0.006713379,0.67992268
Malta,2009,81.03351247,82.52373643,8734745632,412477,16.54164994,19.29657135,0.004179156,0.716957702
Malta,2010,89.6242475,88.60850603,9097044182,414508,101.6263957,18.58063668,0,0.75430899
Malta,2011,97.44178522,94.5865983,9789361705,416268,79.74893016,18.91419147,0,0.718413899
Malta,2012,100.7986669,98.41480619,9609532106,420028,34.58648952,19.15511593,0,0.77833812
Malta,2013,97.66915289,89.76203423,10796782634,424810,4.724164553,17.98906399,0,0.752945123
Malta,2014,96.92957953,84.3709873,11888032862,433481,1.3112239,17.85894844,0,0.752728197
Malta,2015,108.7325185,98.46387973,11340795033,444220,32.10273298,16.9311226,0,0.901296423
Malta,2016,113.1665114,100.1928805,12025782885,454505,23.08401984,16.94165671,0,0.903421436
Malta,2017,116.6266642,96.42121428,14161366733,467106,299.8249408,15.82357395,0,0.885205508
Malta,2018,123.3493037,104.749247,16153779511,483903,452.2210395,16.02797443,0,0.846772667
Malta,2019,124.5200399,108.550402,16337793531,503912,198.1995904,16.8903191,0,0.893276257
Malta,2020,136.0580448,120.3449222,16409900599,515490,191.8605277,19.68543612,0,0.875506397
Malta,2021,118.5672451,102.1714563,19723563355,518150,433.7509612,18.34295793,0,0.845494139
Mauritania,1995,41.48646321,31.93047705,2091726101,2312017,0.334144059,12.23911366,0,12.97683333
Mauritania,1996,39.16341347,31.29247629,2132087009,2358188,-0.020427872,12.70243171,0,13.72216667
Mauritania,1997,33.39205407,29.3575095,2071996564,2411306,-0.160710691,12.37256935,0,15.18533333
Mauritania,1998,24.45916856,26.93184399,2032347665,2474651,0.00652659,20.78119118,0,18.84758333
Mauritania,1999,22.56918604,26.447752,1985922776,2541698,0.761331719,20.51064024,0,20.95141667
Mauritania,2000,25.51711571,33.42325905,1779520886,2613441,2.25319075,20.64529103,0,23.89233333
Mauritania,2001,25.53699508,35.16421738,1746063558,2678760,4.392738149,20.42697092,0,25.56291667
Mauritania,2002,24.7736084,32.0119212,1777057481,2738655,3.789430039,20.31448565,0,27.17391667
Mauritania,2003,19.12477218,36.19325216,2051147607,2802046,4.970775856,19.28504013,0,26.303
Mauritania,2004,23.26925757,51.94954711,2362501023,2868664,17.10484042,19.52234151,0,..
Mauritania,2005,26.75324705,61.48185251,2936019526,2939059,27.65203613,17.12015443,0,26.55283333
Mauritania,2006,42.36410333,40.42439789,3919577286,3013660,3.944344727,13.98634855,11.4339026,26.86
Mauritania,2007,40.5231618,45.54089388,4346212355,3093059,3.206765078,14.73555668,5.944902214,25.85866667
Mauritania,2008,41.60285048,52.51736052,5206437194,3183269,6.583593487,14.9433839,5.461636466,23.82033333
Mauritania,2009,37.2457483,44.7628693,4714595548,3284448,-0.065160202,15.76302375,2.65898185,26.23658333
Mauritania,2010,45.73934811,47.68139702,5628878798,3390965,2.318905677,13.52009151,2.43044512,27.58941667
Mauritania,2011,50.1828097,48.3025199,6764627746,3502811,8.703354894,10.45564116,2.80489509,28.11183333
Mauritania,2012,48.26135521,62.52676753,6728208836,3619034,20.6013054,12.06945962,2.34921054,29.662
Mauritania,2013,45.54859921,56.85022497,7223071097,3734318,15.58900286,11.68702157,1.921876195,30.06816667
Mauritania,2014,37.38920072,54.22117064,6592537782,3848514,7.623617042,13.63358497,1.483262004,30.2725
Mauritania,2015,30.19514476,47.15164174,6166863897,3965959,8.135849504,14.61777659,0.513819838,32.46716667
Mauritania,2016,33.92514055,39.22812112,6398747592,4086657,4.237311147,13.44048871,0.407544889,35.23708333
Mauritania,2017,34.50567753,44.30930265,6800135898,4210600,8.650079992,13.38125583,0.541318938,35.79441667
Mauritania,2018,36.5862504,52.56047909,7473550557,4337685,10.34167728,12.9844028,0,35.6775
Mauritania,2019,42.39752404,51.08917009,7894764886,4467708,-11.19173438,13.29547357,0,36.69083333
Mauritania,2020,41.40610428,45.37006385,8260752385,4600131,11.23282992,12.29648726,0,37.18916667
Mauritania,2021,39.85602326,48.45085049,9222536364,4734874,11.60475278,14.96953957,0,36.06333333
Mauritius,1995,57.87830693,60.27041363,4094741652,1122457,0.456508922,13.98650602,0,17.38631667
Mauritius,1996,62.74081949,63.41839299,4481489762,1133996,0.81806123,14.15689632,0,17.94806667
Mauritius,1997,60.64556604,65.461939,4243755308,1148284,1.302569247,13.89316509,0,21.05725833
Mauritius,1998,64.81111344,65.63171952,4225813976,1160421,0.288001174,13.56495431,0,23.99265
Mauritius,1999,62.95503014,65.99996111,4402193195,1175267,1.121104605,14.04131675,0,25.18580833
Mauritius,2000,60.28256285,60.40508593,4726108622,1186873,5.62071803,14.06244305,0,26.24955833
Mauritius,2001,67.08379485,60.97078413,4675755867,1196287,-0.591895011,13.74093275,0,29.12925833
Mauritius,2002,60.78986761,57.44060277,4906494249,1204621,0.653687021,13.97201731,0,29.962
Mauritius,2003,55.26318632,53.39239299,5894873920,1213370,1.062459794,13.89244287,0,27.901475
Mauritius,2004,52.61472026,54.41297801,6667418752,1221003,0.208397536,14.01337392,0,27.49851667
Mauritius,2005,58.24032135,63.36842265,6576108447,1228254,0.635284471,14.32972177,0,29.49623333
Mauritius,2006,58.44393593,68.61892583,7028810681,1233996,1.518863773,14.12392875,0,31.70806667
Mauritius,2007,55.86749787,65.00895338,8150150209,1239630,4.18107452,12.43559251,0,31.31365625
Mauritius,2008,51.07052144,64.41879446,9990356674,1244121,3.78089342,12.46455635,0,28.4528375
Mauritius,2009,47.67716859,56.75256036,9128843109,1247429,2.811755101,13.9222501,0,31.9598
Mauritius,2010,51.23767279,62.21940076,10003670690,1250400,4.297840296,13.81848765,0.090587863,30.7844
Mauritius,2011,52.44414738,65.09479899,11518413430,1252404,3.76207203,13.46360318,0.109303421,28.70595
Mauritius,2012,53.79216527,65.70795451,11668696397,1255882,5.047850077,13.35770753,0.093025372,30.04997167
Mauritius,2013,52.57292448,60.7359086,12292974141,1258927,2.386478297,14.34960825,0.075948512,30.70135833
Mauritius,2014,52.52465961,58.06504792,13074129952,1261208,3.48445481,14.34466256,0.082307166,30.62161667
Mauritius,2015,51.49785241,55.64812703,12007291046,1262879,1.802697954,14.18980558,0.026841018,35.0567
Mauritius,2016,47.8249408,52.19203789,12594155464,1263747,3.007461922,14.88271302,0.023469089,35.54188333
Mauritius,2017,46.60671952,53.0950956,13713506131,1264887,3.500168997,14.45075826,0,34.48140833
Mauritius,2018,44.64300356,51.99091285,14735695931,1265577,3.125141644,14.56243113,0,33.93445
Mauritius,2019,44.02098776,51.82481039,14436346980,1265985,3.07610894,14.74962313,0,35.47351667
Mauritius,2020,36.75886774,46.48074961,11408106446,1266014,1.969372227,17.5684045,0,39.34693333
Mauritius,2021,38.46079945,53.79829451,11484348858,1266334,2.204646107,17.23220421,0,41.69213333
Mexico,1995,22.86592692,20.79990481,3.80E+11,90862455,2.505879998,8.040993724,3.184585875,6.419425
Mexico,1996,24.72313195,23.04469158,4.32E+11,92452702,2.125519178,7.665138046,3.720593427,7.599448417
Mexico,1997,23.25557215,23.23630342,5.23E+11,94021207,2.451009936,7.850512115,2.843128578,7.91846
Mexico,1998,23.2217494,24.81013474,5.57E+11,95575245,2.288368551,8.0311107,1.4676714,9.13604175
Mexico,1999,23.41685925,24.59539033,6.31E+11,97115707,2.208484336,8.689186187,2.131108238,9.5603975
Mexico,2000,24.23117347,25.67923572,7.42E+11,98625552,2.477192125,9.037016014,3.338373273,9.455558333
Mexico,2001,21.54121021,23.19889881,7.96E+11,100099099,3.776078057,9.355310598,2.392657783,9.342341667
Mexico,2002,21.85176192,23.35806734,8.11E+11,101548624,2.486857501,9.838122458,2.56123108,9.655958333
Mexico,2003,23.6555935,25.04482337,7.66E+11,102978515,2.37188032,10.49804037,3.172501564,10.78901917
Mexico,2004,25.10335601,26.93726403,8.19E+11,104394131,3.068210352,10.01618185,3.913115493,11.28596667
Mexico,2005,25.48707383,27.07557082,9.18E+11,105811504,2.742201342,10.07622999,5.198546362,10.89789167
Mexico,2006,26.55474817,27.92736792,1.02E+12,107253666,2.168926541,9.892142697,5.538002579,10.89924167
Mexico,2007,26.78106133,28.47746307,1.10E+12,108774360,2.81398718,9.947892835,5.08084055,10.92819167
Mexico,2008,27.02006123,29.34522064,1.16E+12,110374288,2.561570121,10.2592375,6.044365623,11.12971667
Mexico,2009,26.51326972,28.07847241,9.43E+11,111999721,2.083037849,11.38344386,3.436044045,13.513475
Mexico,2010,29.01746012,30.25592442,1.11E+12,113623895,2.761422186,11.27396493,4.085318939,12.63600833
Mexico,2011,30.44296622,31.71942104,1.23E+12,115243504,1.944223013,11.32824628,5.729907931,12.423325
Mexico,2012,31.5394504,32.7184815,1.26E+12,116818208,1.452589151,11.44867654,5.402654151,13.16945833
Mexico,2013,30.75580058,31.93587419,1.33E+12,118343573,3.836702384,11.71273208,4.595084539,12.77199167
Mexico,2014,31.4629922,32.63541683,1.36E+12,119784261,2.084144293,11.75389291,3.901436187,13.29245
Mexico,2015,34.16277269,36.25020199,1.21E+12,121072306,2.987825528,11.90124613,1.546073391,15.84826667
Mexico,2016,36.81567725,38.87462616,1.11E+12,122251351,3.497423488,11.57368049,1.237195316,18.66405833
Mexico,2017,37.51408862,39.43803742,1.19E+12,123400057,2.781073526,11.21566755,1.556244127,18.92651667
Mexico,2018,39.04393045,41.16873122,1.26E+12,124573711,3.013387541,11.25629677,2.207351502,19.24434167
Mexico,2019,38.52965079,38.93232147,1.30E+12,125762982,2.296393436,11.1079031,1.582295845,19.26363333
Mexico,2020,39.23537209,37.61918361,1.12E+12,126799054,2.813184048,12.19683028,0.867384555,21.48560833
Mexico,2021,40.5691932,42.50010443,1.32E+12,127648148,2.692330451,11.40473356,2.065943747,20.27240833
Moldova,1995,60.12602406,67.89036246,1752999370,2953200,3.81688671,25.90268245,0.019860241,4.4958
Moldova,1996,55.32825516,73.90928088,1695122174,2947293,1.400489025,25.97402881,0.027368035,4.604483333
Moldova,1997,53.20011551,74.36028474,1930081169,2936413,4.079621172,28.8061254,0.017819529,4.623583333
Moldova,1998,45.01953659,71.78358786,1698717505,2935227,4.445118143,24.7099,0.005952803,5.3707
Moldova,1999,52.3183764,65.20955879,1170782957,2930622,3.234587569,15.32384633,0.024511423,10.51580833
Moldova,2000,49.60011381,76.56298632,1288429392,2924668,9.898873839,14.65620962,0.046229395,12.43421667
Moldova,2001,50.05504282,74.44569678,1480673594,2918135,6.986009639,14.36272497,0.027932953,12.86514167
Moldova,2002,52.46389652,77.37562898,1661818168,2911385,5.057713389,20.22702927,0.024615865,13.5704975
Moldova,2003,53.3131902,86.74333973,1980907435,2903198,3.723041204,19.67957565,0.023068303,13.94488333
Moldova,2004,51.19391234,81.50515734,2598249556,2896023,5.811989832,14.90418332,0.022488589,12.32971667
Moldova,2005,51.16358494,91.85998353,2988342907,2888985,6.381463103,16.43757304,0.037572959,12.599625
Moldova,2006,45.25633686,91.89842696,3408255451,2880967,7.589806684,19.98649283,0.02981506,13.13105833
Moldova,2007,45.58047352,97.14006551,4401173152,2874299,12.17902549,19.94773535,0.051933177,12.13994497
Moldova,2008,40.81874861,93.60285274,6054824248,2868833,12.00051348,20.41343409,0.104253032,10.39204368
Moldova,2009,36.87212252,73.49120433,5439434272,2865213,4.852710536,23.7638736,0.07090392,11.10957543
Moldova,2010,27.82961306,60.10823883,6974982370,2862354,4.258792127,18.21365571,0.041012146,12.36926096
Moldova,2011,32.54045757,66.07713896,8414352020,2860699,4.431476115,16.55958933,0.065815104,11.73861249
Moldova,2012,31.13285054,65.1735593,8709138635,2860324,2.884326574,16.69013795,0.052012165,12.11143682
Moldova,2013,32.09261317,63.59468367,9496717876,2859558,2.546985213,15.30613403,0.039892212,12.58675623
Moldova,2014,31.52796356,62.70032841,9402090138,2857815,3.678969197,13.90793123,0.029966046,14.03563005
Moldova,2015,31.80692179,57.15949367,7797667197,2835978,2.896635549,13.69943471,0.013644617,18.81847515
Moldova,2016,32.86649893,56.13818478,7980917076,2803186,1.095613439,14.37699286,0.008621965,19.92382756
Moldova,2017,32.5328466,56.09054368,9514404016,2755189,1.571511991,14.75557079,0.0092365,18.49903489
Moldova,2018,30.69636994,56.75041748,11252353421,2707203,2.751779903,14.28116232,0.01276358,16.80205172
Moldova,2019,31.19108496,56.44115216,11736797055,2664224,4.44218297,15.21102073,0.010251132,17.57346887
Moldova,2020,27.91433626,51.35138586,11530746234,2635130,1.350476342,17.19420443,0.006190894,17.32183521
Moldova,2021,30.64878771,57.82209883,13691869264,2595809,2.820067827,16.76227392,0.011706964,17.68046614
Mongolia,1995,40.54137213,41.56228663,1452165005,2224945,0.674854439,11.10293382,0,448.6126333
Mongolia,1996,35.52432564,42.44975005,1345719472,2259507,1.181524109,12.59661637,0,548.4033333
Mongolia,1997,52.66634508,47.32510392,1180934203,2291750,2.11696807,12.2148996,0,789.9925
Mongolia,1998,47.84351451,59.50769627,1124440205,2323809,1.680836377,15.60011163,0.018053944,840.8283333
Mongolia,1999,50.15844062,62.08289793,1057408589,2356813,2.874953005,14.63405989,0.069922322,1021.8675
Mongolia,2000,53.99675147,67.88985829,1136896124,2388299,4.723122798,15.30723053,0.119407655,1076.666667
Mongolia,2001,50.31834099,65.49998589,1267997934,2417751,4.968462353,16.79130604,0.085125703,1097.6975
Mongolia,2002,50.72661598,67.79063714,1396555720,2449027,5.567339626,16.12263442,0.148943183,1110.31
Mongolia,2003,52.35204953,67.94734398,1595297356,2480374,8.245484738,14.24252977,0.196826822,1146.5425
Mongolia,2004,60.78777492,70.54154331,1992066808,2508412,4.664502196,14.46772087,0.27118802,1185.2975
Mongolia,2005,58.76938379,63.6120761,2523471601,2536407,7.434995501,12.13889788,0.305156748,1205.246667
Mongolia,2006,59.44326508,53.48671802,3414055662,2567168,7.189689458,11.68328833,0.498974379,1179.699167
Mongolia,2007,59.61444843,58.26597799,4234999704,2601850,8.801887274,13.07116868,0.918313209,1170.400833
Mongolia,2008,54.01703592,67.18097748,5623216608,2643201,15.021615,14.64221311,1.36774432,1165.804167
Mongolia,2009,50.27799933,57.53575784,4583850368,2691115,13.60448462,14.11405342,1.347087487,1437.795
Mongolia,2010,46.67898258,56.67104907,7189481999,2738622,23.52633655,12.6881257,1.517280635,1357.064167
Mongolia,2011,52.55355505,74.44567359,10409797378,2786317,43.91211276,12.25523756,1.921312271,1265.515833
Mongolia,2012,43.57215119,66.01641314,12292770632,2839705,34.75598261,13.52681177,2.129882324,1357.58
Mongolia,2013,38.89023748,61.42175218,12582122604,2899011,16.37007552,13.45712552,2.727859083,1523.9275
Mongolia,2014,52.24899869,57.07331318,12226514668,2963113,2.762588336,13.0170101,3.63584892,1817.938708
Mongolia,2015,44.18405023,45.46961324,11619892591,3026864,0.811709461,14.87177395,1.716578238,1970.309167
Mongolia,2016,50.87219406,50.18304317,11181350649,3088856,-37.17265323,15.95529534,1.446925687,2140.290864
Mongolia,2017,59.16667927,56.7662226,11480847741,3148917,13.01602806,13.92886635,1.749820781,2439.777201
Mongolia,2018,58.16478228,68.19109096,13178094720,3208189,14.80887971,12.69298481,2.225740653,2472.484051
Mongolia,2019,59.21723318,65.17928144,14206359018,3267673,17.19893952,13.10796486,1.443917219,2663.541398
Mongolia,2020,57.66034973,55.1782979,13312981429,3327204,12.91307999,15.81024341,0.567774921,2813.289835
Mongolia,2021,58.54886395,60.54921448,15286441738,3383741,14.21773194,14.91273652,1.497155737,2849.288615
Morocco,1995,22.67322004,29.04180535,39030285468,26399429,0.857714129,18.03488838,0.00130978,8.540235833
Morocco,1996,21.83597496,25.25956849,43161571528,26808107,0.828037046,15.7972445,0.001483105,8.715875833
Morocco,1997,23.92411787,27.22603678,39147844526,27213337,2.757090065,17.01864626,0.003562028,9.527106667
Morocco,1998,21.04243571,24.62992389,46497608725,27621648,0.663931271,14.3046716,0.002083702,9.604415833
Morocco,1999,22.63466928,25.9442072,46266428648,28027179,1.787417035,15.40188699,0.002953219,9.804419167
Morocco,2000,24.19682789,29.24347795,43017455402,28423435,0.991581859,15.90164411,0.006312725,10.62563617
Morocco,2001,25.39554536,28.09602566,43831480208,28814643,6.444129284,16.10308185,0.00389679,11.302975
Morocco,2002,25.94437981,28.3657481,47077192188,29198142,1.020357578,15.82652487,0.004820943,11.02058333
Morocco,2003,24.67648658,27.65537168,58029363354,29571415,3.985619848,15.63229161,0.003518331,9.574383333
Morocco,2004,25.34920551,30.20243297,66114145451,29953018,1.351186477,16.14793301,0.004476762,8.868016667
Morocco,2005,27.99589963,33.49792805,68852658069,30358144,2.426354676,16.79347797,0.004020702,8.865008333
Morocco,2006,29.6289668,35.04323098,75883823301,30771178,3.242834977,16.13869446,0.006236829,8.795583333
Morocco,2007,31.42777381,39.92187297,86947913287,31186468,3.249993323,15.92180309,0.006488865,8.192333333
Morocco,2008,32.47222341,45.36224823,1.02E+11,31606767,2.422135089,15.23314732,0.006164421,7.750325
Morocco,2009,25.71717754,36.65377848,1.01E+11,32030778,1.947827443,16.75084572,0.003258374,8.0571
Morocco,2010,29.78894868,39.75303093,1.01E+11,32467016,1.229982458,16.58693723,0.005468774,8.417158333
Morocco,2011,31.95448426,44.87138723,1.10E+11,32912588,2.290468405,17.22104006,0.007268659,8.089875
Morocco,2012,32.09709615,46.12500575,1.07E+11,33355241,2.657587126,18.22795912,0.005284525,8.628444583
Morocco,2013,30.25326564,43.60449089,1.16E+11,33787571,2.90386264,18.32857502,0.005358179,8.405503917
Morocco,2014,30.13298664,41.76058012,1.19E+11,34204780,2.959254355,19.10512115,0.002720076,8.406336688
Morocco,2015,29.99585389,37.29282204,1.10E+11,34607588,2.946111084,18.15643728,0.001427309,9.76434828
Morocco,2016,30.73459514,40.38806524,1.12E+11,35023457,1.930005403,18.36172571,0.001132811,9.807476032
Morocco,2017,32.60646099,41.56689689,1.19E+11,35446392,2.260921961,17.98197398,0.001310784,9.691997889
Morocco,2018,33.82843737,43.42645015,1.27E+11,35839760,2.783379368,17.99576151,0.001754869,9.386102421
Morocco,2019,34.09305747,41.90505841,1.29E+11,36210898,1.334797896,18.17893657,0.001372371,9.6170761
Morocco,2020,30.79410695,38.04969644,1.21E+11,36584208,1.169073346,19.40498596,0.000839573,9.496847322
Morocco,2021,33.13608494,42.38733224,1.42E+11,36954442,1.594223214,18.97383835,0.001011185,8.988484024
Mozambique,1995,11.3629851,52.41055093,3061646174,15960530,1.469797535,12.41874889,0,9.024333333
Mozambique,1996,11.85300981,39.17628275,4030146135,16492480,1.798942212,11.02286364,0,11.29375
Mozambique,1997,10.72909155,32.56959042,4873663775,16949982,1.32138783,12.25785372,0,11.54358333
Mozambique,1998,9.937704557,29.0698415,5551118149,17340464,4.231579903,13.87565411,0,11.87458333
Mozambique,1999,8.884017177,36.64359596,6285219691,17734506,6.072977855,15.11892696,0,12.77511167
Mozambique,2000,11.28568519,36.63519561,5930685215,18129653,2.348801107,14.21518481,0,15.22725
Mozambique,2001,18.73978228,31.6755273,5650154067,18537729,4.520858847,16.61882513,0,20.70364083
Mozambique,2002,21.46994667,51.83921609,5950769427,18958338,5.835427406,14.84620361,0,23.67795667
Mozambique,2003,22.81185394,47.35650601,6583526861,19392475,5.114255735,15.40896198,0,23.7822675
Mozambique,2004,26.37461341,45.67738675,7937255565,19840313,5.990906631,16.88924853,0.078487317,22.5813425
Mozambique,2005,27.86776373,44.14149725,8868504900,20304569,1.380320099,16.45754544,0.23214889,23.060965
Mozambique,2006,28.03968185,39.31021584,9509835537,20787087,2.640862182,15.80919808,0.367820818,25.40077917
Mozambique,2007,28.32083987,37.79954232,10811456006,21287635,3.854146455,15.25125519,0.371732318,25.84034145
Mozambique,2008,27.34626556,37.63515094,12920340965,21819036,4.964260754,15.87479128,0.481285903,24.30064247
Mozambique,2009,27.98342147,39.9151513,12263894790,22391745,7.584054036,16.97924858,0.077844641,27.51829996
Mozambique,2010,29.36823274,44.46912053,11411894724,22999235,11.02755614,17.36550004,0.144007603,33.9600988
Mozambique,2011,31.37890027,53.02731167,14619279989,23649039,25.06236368,18.88876635,0.208892298,29.06759993
Mozambique,2012,30.01743915,75.91714891,16688114144,24337846,33.7671028,19.99429022,0.239401569,28.37298448
Mozambique,2013,27.99380727,81.39156933,17198073057,25051611,38.94286534,23.15959489,0.260362394,30.10411109
Mozambique,2014,32.7890373,83.56781795,17978246586,25788475,27.80471004,26.08477514,0.114254491,31.3526877
Mozambique,2015,32.57229353,66.18891012,16208985770,26547572,23.86549004,25.51470977,0.050045182,39.98247415
Mozambique,2016,35.3819374,75.01242081,12069051237,27337105,25.91877246,26.07446144,0.063324809,63.05623273
Mozambique,2017,41.04346332,64.70217738,13264640646,28166393,17.48311193,24.56476545,0.087296093,63.58432291
Mozambique,2018,45.53103584,79.07642169,15017358953,29018644,11.17414318,21.72714089,0.110256739,60.32620764
Mozambique,2019,37.14205636,68.44911504,15512759047,29884380,21.78419149,22.57519692,0.08214376,62.54833333
Mozambique,2020,32.78987347,67.11627258,14235420174,30783688,22.39443703,20.6358423,0.047354534,69.465
Mozambique,2021,40.35049852,71.72846593,16168055475,31707800,32.75221385,18.7299196,0.079312566,65.465
Nepal,1996,22.81757514,35.64019356,4521580381,22741862,0.42374943,9.247407729,0,56.6919525
Nepal,1997,26.32783507,37.70769982,4918691917,23219463,0.468752021,8.90760856,0,58.00954917
Nepal,1998,22.82205122,33.88755007,4856255044,23680357,0.247611787,9.31210424,0,65.9757875
Nepal,1999,22.84847209,29.71850916,5033642384,24125199,0.086439766,8.925668643,0,68.23937083
Nepal,2000,23.28400371,32.42658529,5494252208,24546509,-0.008824253,8.949953622,0,71.09379583
Nepal,2001,22.56077372,33.23914736,6007055042,24946748,0.347091875,8.104982306,0,74.94925
Nepal,2002,17.73712952,28.49358898,6050875807,25328981,-0.098374869,8.398430273,0,77.87661917
Nepal,2003,15.69986449,28.54801912,6330473097,25688758,0.233443621,8.66503735,0,76.1414475
Nepal,2004,16.68269526,29.46459146,7273938315,26016656,-0.005737557,8.644077586,0,73.67359667
Nepal,2005,14.58368679,29.47926069,8130258378,26309458,0.030156295,8.899208024,0,71.3675
Nepal,2006,13.44659096,31.3153968,9043715356,26565425,-0.073509433,8.682982614,0,72.75560583
Nepal,2007,12.85566488,31.72361014,10325618017,26788492,0.055606415,9.198477111,0,66.4150275
Nepal,2008,12.77582026,33.26038609,12545438605,26990037,0.007932157,9.889316356,0,69.761695
Nepal,2009,12.41935419,34.66009358,12854985464,27173035,0.297715389,10.77911749,0,77.57343074
Nepal,2010,9.582536172,36.4023696,16002656434,27341952,0.548294666,9.992588705,0,73.26235902
Nepal,2011,7.80613568,28.49062321,21573872421,27464494,0.435814931,8.197278482,0,74.02
Nepal,2012,8.750291287,29.17161477,21703100877,27534915,0.423691511,7.896386255,0,85.22575599
Nepal,2013,9.294658678,32.57071706,22162204925,27589996,0.334712331,7.53433761,0,93.08439381
Nepal,2014,10.12404212,35.85859949,22731612922,27672370,0.133746237,8.001141444,0,97.55484216
Nepal,2015,10.21458859,36.4511418,24360801287,27823629,0.213029528,8.811996997,0,102.4051343
Nepal,2016,8.179578041,33.93590808,24524109484,27955462,0.432212944,7.926018484,0,107.3838152
Nepal,2017,7.812188655,36.83022197,28971588940,28011258,0.677439884,8.518538322,0,104.5118852
Nepal,2018,7.815641022,40.63174592,33111525237,28079689,0.206157202,8.061536277,0,108.9301341
Nepal,2019,7.779936475,41.46959011,34186180699,28414064,0.54280198,8.117095212,0,112.6094828
Nepal,2020,6.805298355,34.11357577,33433659301,28966574,0.378739091,9.067732072,0,118.3451873
Nepal,2021,5.119171485,37.93463331,36924841394,29475010,0.531690907,8.25401087,0,118.1340816
Netherlands,1995,57.69198138,50.22482668,4.53E+11,15459006,2.694713205,22.39298007,0.033702618,1.60567525
Netherlands,1996,57.79814654,50.8664929,4.51E+11,15530498,3.67863988,21.33275413,0.038734451,1.68589675
Netherlands,1997,60.76583888,53.52918898,4.18E+11,15610650,2.642681899,20.95628415,0.030465526,1.951269917
Netherlands,1998,59.67723553,52.73085992,4.39E+11,15707209,8.576795255,20.79885726,0.00746303,1.983733
Netherlands,1999,60.29589925,54.03184154,4.48E+11,15812088,9.192468417,20.56038063,0.020326908,0.938283072
Netherlands,2000,66.44294115,59.22408894,4.18E+11,15925513,15.11070054,20.54662742,0.04286617,1.082705081
Netherlands,2001,63.37254447,56.1029194,4.33E+11,16046180,12.02186396,20.94665808,0.028883591,1.116533086
Netherlands,2002,60.10487154,52.64515282,4.76E+11,16148929,5.359292335,22.04549206,0.044797021,1.057558996
Netherlands,2003,59.23934892,52.06515427,5.82E+11,16225302,3.51222378,22.80787957,0.044440879,0.884047927
Netherlands,2004,62.59591815,54.36224187,6.61E+11,16281779,21.16083213,22.41065667,0.04820134,0.803921648
Netherlands,2005,65.58589244,56.66995708,6.88E+11,16319868,30.50116939,22.18949888,0.048688887,0.803800192
Netherlands,2006,68.14572964,59.0498839,7.38E+11,16346101,50.90958109,23.0747101,0.047430335,0.796432731
Netherlands,2007,68.71004777,61.08819397,8.53E+11,16381696,85.97855484,23.09999599,0.069582348,0.7296724
Netherlands,2008,69.60566499,60.54638499,9.58E+11,16445593,20.41233846,23.34580584,0.076700472,0.67992268
Netherlands,2009,61.60181411,53.50784626,8.79E+11,16530388,23.11855297,25.77768327,0.034232418,0.716957702
Netherlands,2010,69.28736497,60.79434296,8.52E+11,16615394,6.250756173,26.08682129,0.031329944,0.75430899
Netherlands,2011,75.17518708,66.58191225,9.13E+11,16693074,38.81328544,25.56443241,0.051302359,0.718413899
Netherlands,2012,79.57559037,69.81763269,8.46E+11,16754962,30.70051183,25.81840445,0.054433492,0.77833812
Netherlands,2013,80.37117225,70.28067798,8.84E+11,16804432,35.13146714,25.59111254,0.048923099,0.752945123
Netherlands,2014,81.38226154,70.33362952,9.02E+11,16865008,15.86982204,25.41381348,0.061056568,0.752728197
Netherlands,2015,83.99184753,76.33396503,7.76E+11,16939923,48.50105928,24.65105303,0.027793411,0.901296423
Netherlands,2016,80.90950116,70.05602805,7.97E+11,17030314,34.5677864,24.27771028,0.014292712,0.903421436
Netherlands,2017,85.17954721,74.46651244,8.48E+11,17131296,23.52019225,23.90469075,0.02058846,0.885205508
Netherlands,2018,87.05645945,76.50268712,9.30E+11,17231624,-30.77752695,23.95750902,0.02853239,0.846772667
Netherlands,2019,85.32093949,75.35573239,9.29E+11,17344874,-13.67403584,24.11930096,0.021176578,0.893276257
Netherlands,2020,81.24152595,70.99170446,9.33E+11,17441500,-23.70951099,25.41927803,0.011124499,0.875506397
Netherlands,2021,86.4500028,76.70483989,1.05E+12,17533044,-10.95325996,25.15158993,0.024399193,0.845494139
New Zealand,1995,29.39336631,27.52088615,63918703507,3673400,4.458729266,16.80140488,0.208650223,1.523876667
New Zealand,1996,28.34887884,26.76729211,70140835299,3732000,5.586784108,16.63287208,0.319966778,1.4548475
New Zealand,1997,28.32037399,26.92648953,66075143415,3781300,2.901933603,16.83442255,0.384457082,1.512420833
New Zealand,1998,29.61732163,28.2786962,56227169851,3815000,3.247136188,17.54722633,0.169233561,1.868249167
New Zealand,1999,30.95055154,30.4506796,58762260626,3835100,1.602157745,17.27649277,0.258126852,1.889613899
New Zealand,2000,35.74545849,32.77146839,52623281957,3857700,-2.865294556,17.09042966,0.520025634,2.201149167
New Zealand,2001,35.43103984,31.80278451,53872425917,3880500,0.481362353,16.89741438,0.333507075,2.378750833
New Zealand,2002,32.8470717,29.80892285,66627729311,3948500,4.275332532,16.75975174,0.303997253,2.162190833
New Zealand,2003,29.8397254,28.07504394,88250885550,4027200,-3.811793238,16.80737983,0.200234078,1.722099146
New Zealand,2004,29.54341061,29.25614167,1.04E+11,4087500,2.232630391,17.06985682,0.211058993,1.508681271
New Zealand,2005,28.28516543,29.73357801,1.15E+11,4133900,1.662015177,17.94742753,0.278111552,1.420273457
New Zealand,2006,29.60861375,29.99465129,1.12E+11,4184600,2.611329337,18.3612009,0.278552388,1.542055757
New Zealand,2007,29.27311395,29.15204663,1.37E+11,4223800,3.160244448,18.42848189,0.506514578,1.360675229
New Zealand,2008,32.00520436,32.2559405,1.33E+11,4259800,1.942462794,19.74178391,1.057783472,1.42272681
New Zealand,2009,28.66545841,26.34889178,1.22E+11,4302600,-0.043057745,19.73240369,0.544779024,1.600877295
New Zealand,2010,30.19729613,27.90744447,1.47E+11,4350700,0.194915237,19.65161683,0.66097599,1.387833828
New Zealand,2011,30.36010691,28.81230365,1.68E+11,4384000,0.818121298,19.5615886,0.777912122,1.265810697
New Zealand,2012,28.80151978,28.10724741,1.77E+11,4408100,2.178788243,19.3450988,0.607739113,1.234283655
New Zealand,2013,28.79762324,27.18850087,1.91E+11,4442100,-0.036395516,18.73373919,0.453082036,1.219407974
New Zealand,2014,27.95440418,27.14425092,2.02E+11,4516500,1.613531845,18.75620068,0.427387592,1.205433333
New Zealand,2015,27.93374783,26.9175839,1.78E+11,4609400,-0.041168826,18.48189726,0.19651207,1.433975
New Zealand,2016,26.61137432,25.79487349,1.89E+11,4714100,1.061930391,18.12315247,0.127171106,1.436525
New Zealand,2017,27.56344166,26.57985538,2.07E+11,4813600,1.156025408,17.90422578,0.150386336,1.407408333
New Zealand,2018,27.86561523,27.90086626,2.12E+11,4900600,1.187103501,18.2215201,0.174430202,1.445258333
New Zealand,2019,27.32983419,27.12446299,2.13E+11,4979200,1.368858082,18.85208634,0.129888206,1.517875
New Zealand,2020,21.69714828,22.280094,2.13E+11,5090200,1.941101364,20.43719407,0.043907741,1.542058333
New Zealand,2021,22.30988598,26.23136178,2.54E+11,5111300,1.787522992,21.07058712,0.102256581,1.4138
Nicaragua,1995,16.09508625,27.94470815,4140470000,4642931,2.147099242,7.516579995,0,7.545591667
Nicaragua,1996,16.84735811,31.63548019,4308351903,4729974,2.785287802,7.345079655,0,8.4355
Nicaragua,1997,19.41954518,38.58598547,4389973490,4809573,4.633285382,6.915243114,0,9.448083333
Nicaragua,1998,19.33444051,37.67927455,4635347386,4883655,4.707306311,7.12629933,0,10.58191667
Nicaragua,1999,18.53027952,44.007365,4856026259,4954018,6.946008568,8.227810986,0,11.80925
Nicaragua,2000,20.10816589,41.19033157,5109587050,5022633,5.215685679,8.676714277,0,12.68439167
Nicaragua,2001,19.04191088,38.93822066,5351752034,5087825,2.806557536,8.962608215,0,13.37194167
Nicaragua,2002,18.84713588,39.24414852,5223727303,5149909,3.903343115,8.745026524,0,14.25132525
Nicaragua,2003,20.70499891,41.47006697,5322228351,5210963,3.782250342,9.184697237,0,15.10464333
Nicaragua,2004,23.05985574,44.13546104,5792932838,5272912,4.315603287,9.084133127,0,15.93724732
Nicaragua,2005,24.38213089,47.26359281,6321324279,5342105,3.814074225,9.428153253,0,16.73332953
Nicaragua,2006,31.26662887,56.04304197,6763672381,5418855,4.240300001,15.1654913,0,17.56999843
Nicaragua,2007,33.06357304,59.96215719,7423375015,5497243,5.141866055,14.01828863,0,18.44850616
Nicaragua,2008,34.470462,62.32352273,8496967597,5576593,7.382633779,13.83798808,0.241718443,19.37189641
Nicaragua,2009,33.98149421,53.01211624,8298702489,5656601,5.228528201,14.49779205,0.13661456,20.33948187
Nicaragua,2010,40.46711516,59.89694327,8758602233,5737450,5.593358243,14.09718854,0.025234077,21.35644868
Nicaragua,2011,45.01697815,66.81047578,9774329333,5819051,9.579173856,13.59869007,0.051912314,22.42427062
Nicaragua,2012,47.46917556,67.70811292,10532017232,5901287,7.365160756,13.56866388,0.046295585,23.54666353
Nicaragua,2013,45.21426949,65.76993839,10982988249,5983845,8.787226009,13.76212112,0.040474229,24.72276417
Nicaragua,2014,45.00807225,61.69012794,11880438824,6066492,9.063638271,14.27958246,0.034099065,25.95890037
Nicaragua,2015,40.08377829,58.11038631,12756696261,6149417,7.580332558,14.05229819,0,27.25684494
Nicaragua,2016,38.88202639,54.93170142,13286093388,6232666,7.44462628,14.46083221,0.007694758,28.62096241
Nicaragua,2017,41.33896926,55.04161717,13785893007,6316231,7.510576206,14.41044625,0.012852028,30.05094134
Nicaragua,2018,42.27714744,51.70759306,13025221974,6400080,6.430600581,14.80261169,0.021582423,31.55321233
Nicaragua,2019,44.80442979,49.23778614,12699023614,6483657,3.960934441,15.21309257,0.017863668,33.12174527
Nicaragua,2020,41.74610054,46.89202258,12726422432,6565267,5.865749027,15.08170338,0.008434358,34.34212212
Nicaragua,2021,46.40424306,59.80314776,14209020362,6644741,7.369966214,15.46552611,0.020564553,35.17101667
Niger,1995,14.53805246,20.23948324,2302537562,9714529,0.097014899,19.26008717,0,499.1484259
Niger,1996,15.29592446,21.24407318,2405686940,10044852,0.358757877,19.8117339,0,511.5524303
Niger,1997,13.53788818,19.63645721,2290318910,10383969,0.827804537,20.54252622,0,583.6693724
Niger,1998,13.97005496,21.04963458,2643363519,10741413,-0.066754005,19.94434167,0,589.9517746
Niger,1999,12.65565559,18.71958114,2537789821,11117411,0.063254589,21.97666677,0,615.4733493
Niger,2000,14.3397037,20.373077,2241753193,11509630,0.70334292,20.71201319,0,710.207977
Niger,2001,13.45581352,19.55785357,2448714704,11920647,0.922420854,19.14897213,0,732.3976933
Niger,2002,11.91880805,18.9155777,2782192879,12349144,0.281340736,18.64466432,0,693.7132265
Niger,2003,13.2742281,20.10856504,3394084732,12796984,0.545924467,18.43680067,0,579.8974262
Niger,2004,14.25856961,22.70553484,3760443738,13265836,0.649159743,19.47022321,0,527.3380323
Niger,2005,14.41141601,23.9363258,4383315965,13756192,1.135067543,17.7795696,0,527.2583626
Niger,2006,13.87044262,22.66093056,4756361252,14268581,0.84749753,16.90592403,0,522.4256249
Niger,2007,13.06653855,22.4362643,5731485052,14803610,1.728586414,17.21259386,0,478.6337185
Niger,2008,13.1805096,26.53073446,7297600226,15361915,3.879031437,17.14268513,0,446.0000414
Niger,2009,14.97785062,34.53440608,7352131310,15943675,8.620890602,18.34684166,0,470.2934233
Niger,2010,16.1844146,35.7615717,7851192502,16548835,10.14668992,15.48068429,0,494.7942622
Niger,2011,15.28955544,34.95683972,8772950778,17176283,12.16450614,16.38645109,0.897289901,471.2486257
Niger,2012,16.10057707,28.9853874,9426912648,17836769,8.923679134,15.10119815,2.668703722,510.5563385
Niger,2013,16.9790336,29.31611555,10224897438,18519898,7.035165632,15.29628751,4.230420021,493.8996239
Niger,2014,15.94586293,29.79573791,10862943544,19215909,7.575911814,17.93910466,2.796818418,493.7573299
Niger,2015,14.26836996,30.45906041,9683867926,19939498,5.467617641,16.49756097,0.900694676,591.211698
Niger,2016,12.18333889,24.30477033,10398861982,20685753,2.897744783,15.26999765,0.920918399,592.6056151
Niger,2017,12.80654121,26.26457052,11185104252,21435446,3.028230247,15.46192533,1.297688874,580.6567496
Niger,2018,11.29573716,26.24311124,12837307497,22188069,3.630373995,15.17489249,1.38714615,555.4464584
Niger,2019,10.75937692,26.34318951,12889555561,22947757,5.563788728,15.65510489,0.93368395,585.9110132
Niger,2020,9.737845606,25.77514505,13744653103,23717613,2.623955453,15.76215496,0.393738499,575.5860045
Niger,2021,9.993720669,27.02217288,14915002436,24502140,3.98812628,17.33853208,0.622678206,554.530675
North Macedonia,1995,31.38393032,40.65985834,4707041315,1998534,0.201612847,17.66071639,0,37.88175833
North Macedonia,1996,21.30484393,36.61829918,4642021256,2012553,0.241489631,17.2339474,0,39.981075
North Macedonia,1997,23.4909339,48.343325,3912986091,1996869,0.402250344,18.7567399,0,50.00355
North Macedonia,1998,23.26672869,53.32075343,3765745023,2007523,4.013983716,19.26188143,0,54.46173333
North Macedonia,1999,23.04185952,49.58311917,3863619285,2017142,2.363735288,19.56315074,0,56.90182833
North Macedonia,2000,32.94684009,47.21330727,3772859034,2026350,5.765047069,16.93089774,0,65.90386667
North Macedonia,2001,29.19890805,42.27930252,3709636031,2034882,12.65813418,23.83227744,0,68.03713333
North Macedonia,2002,26.30084964,45.23263504,4018365747,2020157,2.841788892,20.75249148,0,64.34979167
North Macedonia,2003,27.65636747,43.41295302,4946296599,2022725,2.406684493,18.07930211,0,54.32225833
North Macedonia,2004,30.70416616,50.16631883,5682784472,2016186,5.439897291,17.40507005,0,49.40993333
North Macedonia,2005,34.80760066,51.03340282,6258602873,2005330,2.322077379,16.18495236,0,49.28368333
North Macedonia,2006,37.7914825,54.76018397,6861226972,1994287,6.229856424,16.51057221,0,48.80176667
North Macedonia,2007,44.11661379,61.97635221,8336474974,1982933,8.798285622,16.80312372,0.008480926,44.72981667
North Macedonia,2008,43.22446914,68.34558558,9909552435,1971493,6.172714486,18.58323893,0.002113676,41.86768333
North Macedonia,2009,32.80554336,54.3712104,9401736825,1958782,2.760450822,19.07568822,0.001197838,44.100575
North Macedonia,2010,39.78975339,58.09131572,9407170321,1946298,3.204382098,18.29058578,0.00548106,46.48539167
North Macedonia,2011,47.12421314,66.067697,10494626768,1937398,4.839817023,18.12032246,0.020274409,44.230825
North Macedonia,2012,45.374253,66.8405817,9745261301,1929821,3.467441639,18.64804812,0.023040275,47.89025
North Macedonia,2013,43.39647453,61.46075542,10817702346,1922716,3.720367754,17.50479686,0.017510406,46.39534167
North Macedonia,2014,47.66285529,64.87507368,11362265253,1917557,0.535807905,17.11233798,0.021797033,46.43713083
North Macedonia,2015,48.73799991,64.96044397,10064519963,1912430,2.947027792,16.97635226,0.017325565,55.537075
North Macedonia,2016,50.66384216,65.52156625,10672467073,1906313,5.147554898,15.43002211,0.012859166,55.731725
North Macedonia,2017,55.14571934,68.99156455,11307067070,1898657,3.36726558,14.92074175,0,54.66545833
North Macedonia,2018,60.37513732,72.84007033,12683068114,1889051,5.114948679,14.28372559,0,52.10710833
North Macedonia,2019,62.40805679,76.16817505,12606338449,1876262,4.358924934,13.99745627,0,54.9472
North Macedonia,2020,57.77148578,70.46975855,12361036914,1856124,0.062242187,16.73873416,0,54.144325
North Macedonia,2021,65.44386486,81.27754663,14000283827,1837114,4.97315295,15.83066578,0,52.10215833
Norway,1995,36.61873999,30.6805463,1.52E+11,4359184,1.573882182,20.96262426,5.031400957,6.335156667
Norway,1996,39.43244914,30.76918701,1.64E+11,4381336,2.34068795,20.36500448,7.373755996,6.449808333
Norway,1997,40.0360103,32.11768623,1.61E+11,4405157,2.797907546,19.97800831,5.89130933,7.073400833
Norway,1998,36.75459726,34.86808693,1.54E+11,4431464,3.660675301,21.35693312,1.836002425,7.5450975
Norway,1999,38.38659321,31.12013537,1.62E+11,4461913,3.585405019,21.01206273,5.224320276,7.799171667
Norway,2000,45.61277609,28.69974263,1.71E+11,4490967,4.859558007,18.86355865,11.56357406,8.801841667
Norway,2001,44.98515358,28.17315033,1.74E+11,4513751,1.830938875,20.03193958,8.323848531,8.991654167
Norway,2002,40.46888236,27.04813173,1.96E+11,4538159,1.53727647,21.62631981,7.512372847,7.983778833
Norway,2003,39.67230981,26.64844113,2.29E+11,4564855,1.821990048,21.9413889,7.335852815,7.080216667
Norway,2004,41.11014734,27.56180643,2.65E+11,4591910,1.854156062,20.74393093,8.358725959,6.740833333
Norway,2005,43.44205941,27.02739108,3.10E+11,4623291,3.244985456,19.37345177,9.62679538,6.4425
Norway,2006,44.53732374,27.12260621,3.47E+11,4660677,3.423869907,18.5676383,9.195032745,6.413333333
Norway,2007,42.95755313,28.98447318,4.03E+11,4709153,6.160811204,18.64934534,7.982878638,5.861666667
Norway,2008,46.2181009,28.56717904,4.65E+11,4768212,4.426208377,18.40046374,9.873525362,5.64
Norway,2009,39.81014972,27.65416574,3.88E+11,4828726,2.225847469,21.499013,5.992638706,6.288333333
Norway,2010,40.15032907,28.08919029,4.31E+11,4889252,5.018943988,21.22658329,5.617993649,6.044166667
Norway,2011,41.66126617,27.93746746,5.01E+11,4953088,2.053676358,20.79041855,7.504436168,5.604607307
Norway,2012,41.28706485,27.21148798,5.13E+11,5018573,5.440562169,20.60969159,6.467131413,5.8175
Norway,2013,39.86130953,28.11148306,5.26E+11,5079623,-0.260184321,20.97905243,5.549265222,5.875
Norway,2014,39.72767204,29.40970518,5.02E+11,5137232,0.646203788,21.72275961,5.542336367,6.301666667
Norway,2015,38.57518873,31.85666781,3.88E+11,5188607,1.873994233,23.09785083,3.146065577,8.064166667
Norway,2016,35.93817143,33.17867097,3.71E+11,5234519,-5.032549751,24.21882296,2.604603019,8.4
Norway,2017,36.73226499,32.37651677,4.02E+11,5276968,1.468742781,23.80576226,3.635413715,8.271666667
Norway,2018,38.22102729,31.7821685,4.40E+11,5311916,-1.287964042,23.11293942,4.967221774,8.1325
Norway,2019,36.64092532,34.25489521,4.09E+11,5347896,3.995134026,24.10350807,4.538003068,8.8
Norway,2020,32.21033778,33.14364126,3.68E+11,5379475,-0.892552414,26.13405747,3.229818159,9.415833333
Norway,2021,43.03630192,28.18641186,5.03E+11,5408320,3.646439425,22.44934066,6.063477883,8.59
Oman,1995,38.64222854,25.50784093,15722236671,2120528,0.294448488,24.60464501,30.87934812,0.3845
Oman,1996,43.71478531,25.67589783,17402080624,2156926,0.348234217,21.9859216,36.19911746,0.3845
Oman,1997,43.91390222,27.68046365,18039791938,2190720,0.357542922,20.74881421,32.03183105,0.3845
Oman,1998,36.82930783,43.65375263,16044213264,2222489,0.635743228,23.10909386,22.54191188,0.3845
Oman,1999,42.89235346,33.71884434,17832769831,2252909,0.224866917,21.10198784,31.1434379,0.3845
Oman,2000,52.88124503,28.5320372,22259557867,2282131,0.368381081,18.82623732,44.47578147,0.3845
Oman,2001,52.06076293,32.46623956,22205721717,2310217,0.023424415,20.28554362,36.28534733,0.3845
Oman,2002,51.07851207,32.57523651,23065539662,2337140,0.473575609,20.65578946,33.51317909,0.3845
Oman,2003,49.8417472,35.00488954,24733680104,2363796,0.100945311,19.45826017,33.32551105,0.3845
Oman,2004,49.76309833,38.8482088,28378933680,2404821,0.391323075,19.56432087,36.79666439,0.3845
Oman,2005,55.29430723,31.46699481,35506892068,2459802,4.332571563,18.19899798,42.84156154,0.3845
Oman,2006,53.78380194,32.36190604,42577633290,2514795,3.748679075,16.28296205,40.7520001,0.3845
Oman,2007,54.61594378,40.24984519,48300390117,2570174,6.898742697,16.39016773,37.7986998,0.3845
Oman,2008,56.67308746,38.08881553,69804681404,2626529,4.228778796,12.35623084,37.9131008,0.3845
Oman,2009,52.79029739,38.83763794,55454096229,2684659,2.721589337,16.88904939,30.5131215,0.3845
Oman,2010,59.09563826,37.29091637,64993498049,2757446,1.911964786,16.37454982,32.56886534,0.3845
Oman,2011,63.91747042,37.72426152,77497529259,3076763,2.102188752,15.81828189,40.40744092,0.3845
Oman,2012,62.72185476,39.35290565,87408842653,3547106,1.561202903,17.1446679,37.53967687,0.3845
Oman,2013,66.03162485,46.51189691,89936020806,3833913,1.792864469,18.89712091,35.98950653,0.3845
Oman,2014,61.44017866,40.83854243,92699089727,4002439,1.387657535,21.61558576,31.6791186,0.3845
Oman,2015,49.65256094,46.72501925,78710793238,4184895,-2.760017578,24.63827017,18.86806455,0.3845
Oman,2016,41.31962474,41.54463946,75128738622,4390877,3.016249524,26.12490047,16.27248732,0.3845
Oman,2017,45.71654648,43.23660154,80856697009,4537396,3.560055839,24.52829582,19.30500631,0.3845
Oman,2018,50.62244202,38.65677581,91505851756,4597877,6.120679854,21.55866303,23.70879908,0.3845
Oman,2019,49.492903,36.98529803,88060858257,4591241,2.269089234,23.10850163,21.61177976,0.3845
Oman,2020,47.05487337,44.82101743,75909492848,4522497,2.515486241,26.06587819,14.99427796,0.3845
Oman,2021,53.32975935,42.61972838,87323797139,4500424,10.01518942,22.14200619,23.53874351,0.3845
Pakistan,1995,16.70996966,19.42278402,60636071684,134582253,1.19175194,11.74352411,0.436079561,31.64268333
Pakistan,1996,16.90310178,21.42702506,63320170084,138557092,1.456054495,12.64510019,0.521201638,36.07868333
Pakistan,1997,16.08195323,20.77031288,62433340468,142531804,1.14722858,11.89357051,0.4771238,41.111525
Pakistan,1998,16.48479118,17.526934,62191955814,146522356,0.813610046,11.26410562,0.235044427,45.04666667
Pakistan,1999,15.35349933,16.96646348,62973857069,150565377,0.844795007,10.36009991,0.410262654,49.50069158
Pakistan,2000,9.629625716,11.83033817,99484802345,154879127,0.309595026,9.916027633,0.575230608,53.6481865
Pakistan,2001,10.62617237,12.95103506,97145618480,159270907,0.389106586,8.655700446,0.499846316,61.92716167
Pakistan,2002,11.2629669,11.86604906,97923302809,163222549,0.8435173,9.628573191,0.552834728,59.72378167
Pakistan,2003,12.16464391,12.48551461,1.12E+11,167110248,0.475207712,9.731217408,0.522591846,57.75199667
Pakistan,2004,11.42297035,13.3853645,1.32E+11,171286000,0.845585702,9.686785234,0.661270329,58.25786333
Pakistan,2005,12.25184175,17.6266523,1.45E+11,175453212,1.515750831,9.160957684,0.913653665,59.514475
Pakistan,2006,12.54894663,20.50077274,1.62E+11,179682690,2.639750062,11.56859116,0.883595451,60.271335
Pakistan,2007,11.62507656,19.16280487,1.84E+11,184493231,3.035719338,10.40249287,0.947147229,60.73851583
Pakistan,2008,11.87581528,22.47314553,2.02E+11,189499113,2.689366561,10.58209529,1.084658493,70.40803333
Pakistan,2009,12.39098821,20.93589908,1.87E+11,194376534,1.248013055,11.52882102,0.525570261,81.71289167
Pakistan,2010,12.63722456,19.35177749,1.97E+11,199239047,1.027911081,10.91875489,0.728643641,85.19381633
Pakistan,2011,13.48255486,18.88008341,2.31E+11,203746065,0.575055146,10.22658763,1.018635755,86.34338333
Pakistan,2012,11.87396415,19.44500913,2.50E+11,207667125,0.343453049,10.09929312,1.063311253,93.39519722
Pakistan,2013,12.1774992,18.71277514,2.59E+11,211073978,0.515353849,10.25980434,1.06026413,101.6288992
Pakistan,2014,11.19497174,18.27485395,2.71E+11,214264647,0.695308117,10.02737699,0.934001906,101.1000884
Pakistan,2015,9.974570951,16.71361507,3.00E+11,217290883,0.557734356,9.788962179,0.333804259,102.7692716
Pakistan,2016,8.736716391,15.96486166,3.14E+11,220138869,0.821349998,10.60895507,0.187153081,104.769117
Pakistan,2017,8.221611344,17.25042366,3.39E+11,223273967,0.73583705,10.75373962,0.300559741,105.4551621
Pakistan,2018,8.581799606,19.04425747,3.56E+11,226928892,0.487745751,10.99362675,0.443490417,121.8240689
Pakistan,2019,9.390863539,19.51471345,3.21E+11,230800899,0.69614648,10.74975254,0.35819153,150.0362538
Pakistan,2020,9.298559442,17.41772129,3.00E+11,235001746,0.68469529,11.78880055,0.159470064,161.8384797
Pakistan,2021,9.051599889,17.97882052,3.49E+11,239477801,0.616039439,10.92956768,0.380197434,162.9062537
Paraguay,1995,61.77502737,56.28904682,9062131475,4579806,1.042801026,8.871356948,0,1963.019167
Paraguay,1996,52.74050158,50.29476563,9788391781,4687543,1.428222359,9.626218655,0,2056.811667
Paraguay,1997,48.46975287,47.46452338,9965225678,4794412,2.31705741,10.18395679,0,2177.8625
Paraguay,1998,54.6398352,46.96648494,9260481572,4900025,3.677994469,10.29084069,0,2726.49
Paraguay,1999,42.79294001,34.76233568,8837070236,5003135,0.98675237,9.890652475,0,3119.073333
Paraguay,2000,43.33092603,35.31380373,8855705140,5100868,1.217294369,10.40507198,0.003385237,3486.353333
Paraguay,2001,40.64258896,31.96311005,8495806432,5187689,1.167634889,9.481143611,0.001296595,4105.925
Paraguay,2002,47.47507654,31.96648911,7196260657,5261328,1.256207971,8.396864299,0.001635176,5716.258333
Paraguay,2003,47.1446576,33.98270617,7691367471,5326436,-0.750191695,7.936374297,0.001682388,6424.339167
Paraguay,2004,45.68782467,34.41662194,9624440836,5388175,0.976461922,7.587244004,0.008857145,5974.5775
Paraguay,2005,47.59359211,37.42837154,10737500188,5448097,0.067986029,8.118924169,0.072102317,6177.934947
Paraguay,2006,46.29308518,38.44044613,13429430050,5505148,1.398421223,8.304484704,0.093411156,5635.093939
Paraguay,2007,43.37492916,35.62620826,17856393235,5559386,0.588024685,7.671423789,0.101460877,5032.711576
Paraguay,2008,42.43836871,38.33920595,24615267664,5613574,1.616761505,7.430067452,0.157606646,4363.291608
Paraguay,2009,38.09725405,32.74472781,22355151162,5671236,0.753732301,9.13708153,0.111570935,4966.682297
Paraguay,2010,42.13984163,39.11768175,27260886405,5737971,2.681207122,9.061375267,0.143936548,4758.430129
Paraguay,2011,40.23885967,38.25326418,33756238767,5814626,1.855172093,10.06062398,0.198340645,4193.802308
Paraguay,2012,37.9955192,36.76943826,33271921136,5897008,2.470061802,11.72544845,0.215788416,4421.659286
Paraguay,2013,38.71366558,34.6562058,38501122141,5982445,1.027269754,11.2997504,0.191256763,4303.882566
Paraguay,2014,35.4644119,33.61931306,40377929296,6069811,2.414655071,11.54884576,0.179139184,4462.185288
Paraguay,2015,34.7346587,32.18040683,36211447840,6159103,1.957470072,11.80317505,0.1024412,5204.920808
Paraguay,2016,37.14323291,30.61608233,36089700223,6249126,2.214052308,11.36299067,0.077192513,5670.540898
Paraguay,2017,38.16928454,32.91084986,38997129474,6338660,1.556429906,11.10767878,0.045433319,5618.933452
Paraguay,2018,36.85322354,35.21600009,40225448341,6427382,0.610880271,11.5202343,0.069885171,5732.104556
Paraguay,2019,36.08729094,35.13487079,37925338329,6515058,1.133031277,11.94626871,0.059332926,6240.722078
Paraguay,2020,33.27062699,29.48959049,35432178068,6603739,0.920877296,12.64447284,0.029962317,6771.097425
Paraguay,2021,35.48709251,34.25518051,39950899939,6684182,0.897326054,12.01363169,0.072963259,6774.162735
Peru,1995,12.59988525,18.3273326,53312793687,24348919,4.796187412,9.87834995,0.921671599,2.253333333
Peru,1996,13.31651992,18.33768417,55252414130,24811171,6.282348119,10.35942362,1.114075456,2.453333333
Peru,1997,14.47726026,18.99228559,58147522523,25274147,3.679021749,10.23853329,0.909550277,2.664166667
Peru,1998,13.70290185,19.25011994,55501467877,25738095,2.961992147,10.9812653,0.503189641,2.93
Peru,1999,15.39688801,17.80888855,50187324568,26186504,3.865535405,11.54899063,0.88513139,3.383333333
Peru,2000,16.76837372,18.76965844,51744749133,26598331,1.564790193,11.45062686,1.470891244,3.49
Peru,2001,16.60137952,18.46302191,52030158775,26964601,2.199224502,11.71717061,1.052610956,3.506833333
Peru,2002,17.27480785,17.97437348,54777553515,27288217,3.935620845,11.16502587,1.021801147,3.5165
Peru,2003,19.01466695,18.60994338,58731030122,27580490,2.273086425,11.51871663,1.077740915,3.478467
Peru,2004,22.91223375,19.02384452,66768703498,27852190,2.394892075,11.2562792,1.067538353,3.413175
Peru,2005,26.84876111,20.50855637,76060606061,28101180,3.390348169,11.44451224,1.340415833,3.295841667
Peru,2006,30.53663645,21.24841958,88643193062,28324491,3.910656805,10.91669509,1.436861293,3.274032503
Peru,2007,31.52211653,24.16599675,1.02E+11,28530699,5.374286559,10.45503029,1.301526576,3.128044577
Peru,2008,29.72763021,28.70613718,1.21E+11,28719041,5.743356976,10.37086179,1.517725047,2.924408333
Peru,2009,26.44205274,21.66987688,1.21E+11,28896811,5.32237544,11.466356,0.697970783,3.011508333
Peru,2010,27.82616415,23.84664478,1.48E+11,29086019,5.730877328,10.52583592,0.792083877,2.825125
Peru,2011,30.50275976,25.48552053,1.72E+11,29304086,4.472626582,10.36235147,1.031234603,2.7541
Peru,2012,27.44961437,25.17028089,1.93E+11,29550366,7.361736834,10.87121234,0.846764293,2.637586418
Peru,2013,24.80829942,24.97884303,2.01E+11,29817919,4.757349002,11.50093091,0.697556617,2.701899026
Peru,2014,22.60697038,24.24615072,2.01E+11,30115826,2.12302965,12.40209038,0.70184875,2.839044138
Peru,2015,21.28732529,23.8754434,1.90E+11,30457600,3.86551317,12.96557338,0.235255948,3.184439242
Peru,2016,22.60031374,22.78852746,1.92E+11,30866494,3.546281887,13.1636888,0.125482139,3.375061587
Peru,2017,24.71987197,22.79367839,2.11E+11,31324637,3.513331494,13.2122752,0.18358319,3.260488491
Peru,2018,25.19218467,23.4392855,2.23E+11,31897584,2.638246195,13.07744249,0.309747445,3.286602698
Peru,2019,24.03908743,22.90441794,2.28E+11,32449303,2.091289834,13.24437259,0.262076251,3.337265547
Peru,2020,23.01144314,21.23452405,2.01E+11,32838579,0.329387076,15.81810304,0.104811147,3.494941198
Peru,2021,29.23585959,26.19138977,2.26E+11,33155882,3.155709023,13.74981356,0.24910444,3.880554131
Philippines,1995,25.94604166,31.38451631,84644328727,70546246,1.74612998,10.88855136,0.01226206,25.71446667
Philippines,1996,28.88672137,34.96858218,94648084429,72190242,1.6027794,11.40878968,0.004798792,26.2161
Philippines,1997,35.08614574,42.14250018,94106317565,73908810,1.298531312,12.61256284,0.00370344,29.47065833
Philippines,1998,37.8068684,42.27033312,74492416330,75791024,3.070111177,12.87144783,0.002146032,40.89305
Philippines,1999,38.41115874,38.75033498,85640171045,77753257,2.135679994,11.84150853,0.003747955,39.08898333
Philippines,2000,43.34421922,41.80914924,83669788377,79625397,1.777224526,11.06268512,0.010403824,44.19225
Philippines,2001,41.15550151,43.74488712,78921234458,81401488,0.962985444,10.74174623,0.014491539,50.99265
Philippines,2002,40.00567994,43.83912415,84307345888,83068889,2.098275045,10.27003529,0.095321515,51.60356667
Philippines,2003,42.30501837,45.26962599,87039092974,84731835,0.565263243,9.931213305,0.099595284,54.20333333
Philippines,2004,41.82684099,45.29844383,95001999685,86394504,0.623144778,9.140924359,0.120921357,56.03991667
Philippines,2005,41.23003922,42.61563535,1.07E+11,88015962,1.549060092,8.865185551,0.208173197,55.08549167
Philippines,2006,41.24545937,39.6050793,1.28E+11,89508986,2.120918865,9.066895834,0.189561367,51.3142725
Philippines,2007,38.01418634,35.63079365,1.56E+11,91075184,1.871212459,9.231582342,0.175523562,46.14839118
Philippines,2008,33.35683324,34.32423753,1.82E+11,92699095,0.737800589,8.81443285,0.237100244,44.32328761
Philippines,2009,30.2195256,30.66706519,1.76E+11,94384250,1.173248212,9.826598578,0.157110269,47.67968845
Philippines,2010,32.87482972,33.22944879,2.08E+11,96337125,0.51369805,9.720395177,0.174056441,45.10966418
Philippines,2011,29.10542888,31.69040782,2.34E+11,98248614,0.856963003,9.71363218,0.225427511,43.31313692
Philippines,2012,27.46707386,30.37493166,2.62E+11,100175512,1.227630007,10.79214711,0.158243888,42.22879473
Philippines,2013,26.17741981,29.64736142,2.84E+11,102076336,1.316426384,10.81695502,0.131161173,42.44618483
Philippines,2014,27.35450419,30.1136679,2.97E+11,103767130,1.929375228,10.56117268,0.135190051,44.3951543
Philippines,2015,27.20805724,31.93353487,3.06E+11,105312992,1.840180107,10.91164166,0.043551031,45.50283994
Philippines,2016,26.67300334,35.10306242,3.19E+11,106735719,2.598508035,11.2579676,0.033170792,47.49246386
Philippines,2017,29.55229085,38.61607889,3.28E+11,108119693,3.122387784,11.32336631,0.041721803,50.40371979
Philippines,2018,30.21360537,41.94979293,3.47E+11,109465287,2.868338261,12.04278365,0.057120142,52.66142995
Philippines,2019,28.38292001,40.45892225,3.77E+11,110804683,2.301174986,12.46775443,0.034329224,51.79578265
Philippines,2020,25.20283931,32.96672099,3.62E+11,112081264,1.885863632,15.26145459,0.012054835,49.624096
Philippines,2021,25.75203492,37.7325749,3.94E+11,113100950,3.040788553,15.57919471,0.034186898,49.25459773
Poland,1995,22.8537362,20.70148189,1.43E+11,38594998,2.561633807,18.81973896,0.011179437,2.424983333
Poland,1996,21.98409477,23.39263968,1.61E+11,38624370,2.798280777,18.4388608,0.013358359,2.6961
Poland,1997,23.25518415,27.12119449,1.60E+11,38649660,3.070785068,18.02803148,0.011582347,3.279291667
Poland,1998,25.8603425,30.68571316,1.75E+11,38663481,3.641554854,17.64104298,0.00400105,3.4754
Poland,1999,23.99679269,29.90122607,1.71E+11,38660271,4.339078379,17.80632986,0.015048577,3.967108333
Poland,2000,27.07321973,33.53750121,1.73E+11,38258629,5.397403661,17.98743862,0.046531978,4.346075
Poland,2001,27.05725801,30.82127326,1.92E+11,38248076,2.95949603,18.5515182,0.036640288,4.0939
Poland,2002,28.6233983,32.17340076,2.00E+11,38230364,2.048629658,18.56338063,0.031924019,4.080033333
Poland,2003,33.23866678,35.97478121,2.19E+11,38204570,2.457434971,18.8451543,0.036931337,3.889075
Poland,2004,34.06216961,36.91940696,2.56E+11,38182222,5.411508457,18.23438479,0.049391909,3.657641667
Poland,2005,34.52546228,35.78601681,3.07E+11,38165445,3.596417956,18.28413167,0.057882428,3.235483333
Poland,2006,37.65804123,40.04276232,3.46E+11,38141267,6.207906066,18.47127053,0.061545487,3.103158333
Poland,2007,38.47111642,42.27428264,4.30E+11,38120560,5.825021771,18.16668488,0.047320523,2.76795
Poland,2008,37.6687727,42.90590886,5.36E+11,38125759,2.720999374,18.62627565,0.054781653,2.409241667
Poland,2009,37.00405047,37.96454606,4.41E+11,38151603,3.18105495,18.70774706,0.031855529,3.120141667
Poland,2010,39.89220685,42.33364548,4.78E+11,38042794,3.944894621,19.14923872,0.034645054,3.0153
Poland,2011,42.31819097,44.60549831,5.28E+11,38063255,3.571289577,18.07786129,0.048215184,2.962847778
Poland,2012,44.02290164,44.80700167,4.98E+11,38063164,1.528860914,18.00865715,0.051447677,3.256541667
Poland,2013,45.76728816,44.65021908,5.18E+11,38040196,0.258983447,18.33080143,0.068019569,3.160616667
Poland,2014,46.22067203,45.81334768,5.42E+11,38011735,3.850891765,18.23802688,0.060321539,3.154541667
Poland,2015,47.16163673,45.09379055,4.80E+11,37986412,3.29546178,17.90503127,0.028428904,3.7695
Poland,2016,49.90642886,46.95947394,4.73E+11,37970087,3.816087214,17.8215503,0.023551252,3.942783333
Poland,2017,51.69252758,48.87336767,5.28E+11,37974826,2.378128156,17.56684074,0.031672173,3.779333333
Poland,2018,52.23257544,50.20988672,5.95E+11,37974750,3.348039546,17.46965315,0.04561187,3.611716667
Poland,2019,52.61289348,48.96814034,6.03E+11,37965475,3.154556492,17.81830817,0.040202597,3.839375
Poland,2020,52.43388552,46.82520571,6.06E+11,37515748,3.314990878,18.83716216,0.020719946,3.899741667
Poland,2021,57.03797607,53.83630695,6.89E+11,36981559,5.443067847,18.52315107,0.041352477,3.861916667
Portugal,1995,26.76973187,33.14474029,1.18E+11,10026176,0.579546715,17.46183418,0,151.1055283
Portugal,1996,26.54846488,33.66134017,1.23E+11,10063945,1.281453735,17.67850528,0,154.2436617
Portugal,1997,27.15414475,35.15080675,1.17E+11,10108977,2.316472092,17.59862704,0,175.312445
Portugal,1998,27.33162723,36.49927163,1.24E+11,10160196,4.898352702,17.83295201,0,180.10448
Portugal,1999,26.48197472,36.83235509,1.27E+11,10217828,0.581077559,18.0287125,0,0.938283072
Portugal,2000,28.20462059,39.24837739,1.19E+11,10289898,6.148619208,18.86600063,0,1.082705081
Portugal,2001,27.43732611,37.65462906,1.22E+11,10362722,5.027614442,19.24967134,0,1.116533086
Portugal,2002,27.07336223,35.23489718,1.35E+11,10419631,0.436137292,19.55209435,0,1.057558996
Portugal,2003,27.3671919,33.77175559,1.65E+11,10458821,6.266972579,20.10639603,0,0.884047927
Portugal,2004,27.66705156,35.53754211,1.89E+11,10483861,1.312247289,20.42361985,0,0.803921648
Portugal,2005,27.08416755,35.86033701,1.97E+11,10503330,1.707412327,20.98514763,0.000112306,0.803800192
Portugal,2006,30.35740444,38.18964868,2.09E+11,10522288,6.416330042,20.32076368,0.009802602,0.796432731
Portugal,2007,31.19418457,38.75193301,2.40E+11,10542964,2.500930885,19.6068704,0.013225073,0.7296724
Portugal,2008,31.26107908,40.81466384,2.63E+11,10558177,2.968925942,19.76905205,0.029850736,0.67992268
Portugal,2009,27.29374272,34.19895081,2.45E+11,10568247,2.351339126,21.30587455,0.004602874,0.716957702
Portugal,2010,30.02758512,37.66165507,2.38E+11,10573100,3.773768196,20.56457957,0.033888683,0.75430899
Portugal,2011,34.41151309,38.59606258,2.45E+11,10557560,4.236487564,19.68055491,0.071439777,0.718413899
Portugal,2012,37.72350572,38.217601,2.17E+11,10514844,7.215351952,18.30903694,0.056641517,0.77833812
Portugal,2013,39.56395033,38.46655535,2.27E+11,10457295,6.436543232,18.82784521,0.0588929,0.752945123
Portugal,2014,40.18509058,40.03557849,2.30E+11,10401062,5.438510318,18.3843384,0.058710586,0.752728197
Portugal,2015,40.68766641,39.94700922,1.99E+11,10358076,0.635222053,17.88256958,0.024622752,0.901296423
Portugal,2016,40.35508893,39.16725756,2.06E+11,10325452,3.562829928,17.5981689,0.018508838,0.903421436
Portugal,2017,42.94267865,41.86511366,2.21E+11,10300300,5.020415518,17.22324424,0.028387243,0.885205508
Portugal,2018,43.67758057,43.05811492,2.42E+11,10283822,3.465842874,16.99257122,0.042296497,0.846772667
Portugal,2019,43.65312594,43.11786297,2.40E+11,10286263,4.50389353,16.98814389,0.037513627,0.893276257
Portugal,2020,37.25601513,39.25262559,2.30E+11,10297081,1.814145542,18.92242906,0.023939485,0.875506397
Portugal,2021,41.54842718,44.32511803,2.56E+11,10361831,3.608360045,18.65580966,0.051813183,0.845494139
Qatar,1995,44.33866814,43.32928389,8137911978,514325,1.149680658,31.85470403,26.86496433,3.64
Qatar,1996,43.72574217,39.78347889,9059340385,529019,3.740559308,33.01188722,36.86992084,3.64
Qatar,1997,48.28080961,36.16622923,11297802115,550500,3.702755596,29.75391521,33.90392173,3.64
Qatar,1998,51.09563094,39.96249462,10255495027,580540,3.386477192,31.58049665,26.47840431,3.64
Qatar,1999,60.04078828,25.69218151,12393131868,612500,0.913812596,25.65449669,32.8896056,3.64
Qatar,2000,67.2833586,22.32930112,17759890110,644989,1.416675432,19.66865699,40.76613974,3.64
Qatar,2001,65.89285714,29.07581454,17538461538,677925,1.684982456,18.62625313,34.92686481,3.64
Qatar,2002,60.34277283,28.1269508,19363736264,711205,3.222105442,16.71726917,31.83481085,3.64
Qatar,2003,61.69758239,28.46736631,23533791209,744682,2.655415757,15.40571775,33.8929727,3.64
Qatar,2004,64.16822495,26.20420389,31734065934,773332,3.778179583,13.06704065,34.82504016,3.64
Qatar,2005,65.08504482,29.66049935,44530494505,825408,5.614130334,14.29567342,38.17715621,3.64
Qatar,2006,62.81773017,35.75318915,60882142857,972831,5.748812108,14.71768098,34.15201262,3.64
Qatar,2007,60.27737186,35.83673385,79712087912,1208595,5.896219912,12.4038435,30.80036116,3.64
Qatar,2008,61.36235262,28.07048903,1.15E+11,1426938,3.27806417,10.17581742,32.60407101,3.64
Qatar,2009,51.13487609,29.00928688,97798351648,1608903,8.307641308,15.63319906,23.0165619,3.64
Qatar,2010,62.3196826,23.75060735,1.25E+11,1616832,3.732611559,13.98389986,26.60260398,3.64
Qatar,2011,72.61970914,26.10192955,1.68E+11,1624761,0.559389051,11.03909967,29.94687052,3.64
Qatar,2012,76.47241908,29.27387535,1.87E+11,1722438,0.211888722,12.2483739,28.33898225,3.64
Qatar,2013,72.71783502,29.66537308,1.99E+11,1916426,-0.422882596,14.55574074,25.35958699,3.64
Qatar,2014,67.99811813,31.03625661,2.06E+11,2151745,0.504491037,15.46715304,21.53881841,3.64
Qatar,2015,57.06147777,36.64612641,1.62E+11,2344557,0.662099304,20.22727947,13.03005946,3.64
Qatar,2016,47.71384149,41.83375863,1.52E+11,2477113,0.510044138,19.5437309,11.16155791,3.64
Qatar,2017,52.88942263,38.60516529,1.61E+11,2545820,0.612038723,17.61143004,13.53946248,3.64
Qatar,2018,55.94186317,35.89658581,1.83E+11,2580734,-1.192496952,16.28098884,16.29116095,3.64
Qatar,2019,52.18885993,37.85751562,1.76E+11,2638657,-1.594725376,18.4635893,14.50842444,3.64
Qatar,2020,49.11887826,40.90021662,1.44E+11,2794148,-1.68550859,21.95535214,10.59573036,3.64
Qatar,2021,58.72601703,34.05314154,1.80E+11,2504910,-0.608353846,16.64894479,15.27846671,3.64
Romania,1995,25.63004231,30.66118309,37430162103,22684270,1.119418075,12.24870575,1.000991441,0.203327583
Romania,1996,26.45749361,34.32387576,36937074278,22619004,0.712021743,11.673121,1.426143166,0.30842175
Romania,1997,28.19714432,35.00809801,35575214078,22553978,3.415299195,12.69171493,1.148732063,0.716794333
Romania,1998,23.01548056,30.82331515,41696091974,22507344,4.870960092,11.89266018,0.298065349,0.887557583
Romania,1999,26.66181721,31.31185784,35953156754,22472040,2.895434209,16.71848697,0.981639514,1.53328375
Romania,2000,21.58888431,26.93244107,37253739511,22442971,2.783613172,16.85900503,2.051940738,2.170872083
Romania,2001,22.10596347,29.82262755,40395116581,22131970,2.864207602,15.79672787,1.380201026,2.906079167
Romania,2002,24.01302936,29.69721846,46065502703,21730496,2.483420201,14.82431052,1.231673747,3.305543
Romania,2003,24.21273505,31.966792,57806384143,21574326,3.18995908,16.04480256,1.115716757,3.320007083
Romania,2004,25.74393627,34.8825424,74973656852,21451748,8.59368513,14.72759425,1.123612535,3.263656833
Romania,2005,24.53522061,34.82532884,98454380120,21319685,6.600671758,16.23997471,1.197016672,2.913653167
Romania,2006,24.7712265,36.91239943,1.22E+11,21193760,9.020060525,15.92326584,1.030692808,2.808983333
Romania,2007,24.71082905,38.79432762,1.75E+11,20882982,5.786790162,15.39054963,0.811152284,2.43825
Romania,2008,26.15549966,39.01970134,2.14E+11,20537875,6.377418661,15.88029151,0.909321005,2.518858333
Romania,2009,26.02237702,32.44768134,1.74E+11,20367487,2.663644071,16.10081828,0.572798401,3.049325
Romania,2010,31.64159331,38.31334218,1.70E+11,20246871,1.889718591,15.02232872,0.651277336,3.1779
Romania,2011,35.23660885,41.03474759,1.93E+11,20147528,1.230426891,13.52630548,0.928598824,3.048608333
Romania,2012,35.70836299,40.88596101,1.79E+11,20058035,1.701437729,13.77013454,0.944058149,3.4682
Romania,2013,40.24536361,41.15224956,1.90E+11,19983693,2.03100514,14.28287584,0.81802854,3.327916667
Romania,2014,41.47671194,41.89843102,2.00E+11,19908979,1.937288272,14.17833624,0.71097226,3.349175
Romania,2015,41.34919358,42.17138312,1.78E+11,19815616,2.427258221,13.94139291,0.334861395,4.005666667
Romania,2016,42.41633517,43.47619312,1.85E+11,19702267,3.374175696,15.30894098,0.237281274,4.059183333
Romania,2017,42.33427421,44.82179036,2.10E+11,19588715,2.832730745,15.69755358,0.306819119,4.052491667
Romania,2018,41.4963399,44.99485912,2.43E+11,19473970,3.016223704,16.78121935,0.41789575,3.941616667
Romania,2019,40.07931455,44.28839761,2.52E+11,19371648,2.926544483,17.56188844,0.356049741,4.237925
Romania,2020,36.76449058,41.15915288,2.52E+11,19265250,1.429339349,18.90679146,0.18364538,4.243991667
Romania,2021,40.48040368,46.13294575,2.87E+11,19122059,4.106637202,17.8253216,0.378228984,4.160416667
Russian Federation,1996,26.07298813,21.84951269,3.92E+11,148160129,0.658454456,19.49372981,6.321318643,5.120833333
Russian Federation,1997,24.72984153,22.52707988,4.05E+11,147915361,1.201358893,21.06710995,4.827778699,5.784833333
Russian Federation,1998,31.22120547,24.55104781,2.71E+11,147670784,1.019119425,18.73272328,2.223993488,9.705083333
Russian Federation,1999,43.21996851,26.17331299,1.96E+11,147214776,1.662282546,14.579431,8.760390946,24.6199
Russian Federation,2000,44.06044131,24.03346573,2.60E+11,146596869,1.031161116,15.0910673,15.35599381,28.12916667
Russian Federation,2001,36.8934936,24.21736507,3.07E+11,145976482,0.928663004,16.43524859,10.30036244,29.168525
Russian Federation,2002,35.21259406,24.43285167,3.45E+11,145306497,1.005535945,17.93453672,10.46236624,31.34848333
Russian Federation,2003,35.24998178,23.87828723,4.30E+11,144648618,1.842378885,17.91609718,10.9344981,30.692025
Russian Federation,2004,34.41789106,22.16396134,5.91E+11,144067316,2.606185281,16.97167797,11.69576154,28.81374167
Russian Federation,2005,35.20306597,21.51018253,7.64E+11,143518814,2.029807038,16.87153894,13.68686372,28.28444167
Russian Federation,2006,33.73047544,21.00292642,9.90E+11,143049637,3.797712094,17.38813755,12.44501327,27.19095833
Russian Federation,2007,30.16406048,21.54206226,1.30E+12,142805114,4.298955948,17.29753429,10.73262067,25.58084537
Russian Federation,2008,31.30956033,22.07290571,1.66E+12,142742366,4.502694249,17.83057609,12.39541431,24.852875
Russian Federation,2009,27.9381012,20.49695982,1.22E+12,142785348,2.99212552,20.78659666,9.192144682,31.74035833
Russian Federation,2010,29.21556078,21.1399447,1.52E+12,142849468,2.830828698,18.72505542,8.571286592,30.36791534
Russian Federation,2011,28.05536148,19.98003793,2.05E+12,143018195,2.692361181,17.62551153,10.67789183,29.38234137
Russian Federation,2012,26.90732034,20.24407005,2.21E+12,143378447,2.290798699,17.96723805,9.613076239,30.83983135
Russian Federation,2013,25.84533683,20.44181257,2.29E+12,143805638,3.019402114,18.67530215,8.680482615,31.83714364
Russian Federation,2014,27.11109705,20.69024421,2.06E+12,144237223,1.06987641,18.02733139,9.087489465,38.37820714
Russian Federation,2015,28.70338944,20.65595987,1.36E+12,144640716,0.502607961,17.76538922,5.932858423,60.93765011
Russian Federation,2016,25.85448298,20.66363686,1.28E+12,145015460,2.548499988,18.46591938,5.006136595,67.05593333
Russian Federation,2017,26.09088098,20.78564336,1.57E+12,145293260,1.814092975,18.21680865,6.228645191,58.34280119
Russian Federation,2018,30.7932568,20.78764357,1.66E+12,145398106,0.530060791,17.71037832,9.654760957,62.66813333
Russian Federation,2019,28.43343068,20.79532298,1.69E+12,145453291,1.888517316,18.10136641,8.493707431,64.73765833
Russian Federation,2020,25.52218551,20.44472269,1.49E+12,145245148,0.634851184,19.97100079,4.707770969,72.10490833
Russian Federation,2021,30.00241954,20.58377593,1.83E+12,144746762,2.211365279,17.25186441,9.67159403,73.65435
Saudi Arabia,1995,37.33784136,27.70388585,1.43E+11,13289245,-1.307817642,23.45721098,28.12703417,3.75
Saudi Arabia,1996,40.02282094,26.63099912,1.59E+11,13831009,-0.710606971,24.36640743,33.46509502,3.75
Saudi Arabia,1997,39.15859792,26.02946902,1.66E+11,14374943,1.831404664,26.03156062,29.27753983,3.75
Saudi Arabia,1998,29.6323818,26.45601081,1.47E+11,14922185,2.918380547,28.19581111,21.2667759,3.75
Saudi Arabia,1999,34.66647099,23.17957783,1.62E+11,15472075,-0.481664273,25.40981038,27.12476727,3.75
Saudi Arabia,2000,43.40526903,24.76117977,1.90E+11,16177722,-0.992569099,25.86308062,41.66917084,3.75
Saudi Arabia,2001,39.63369422,23.92688946,1.84E+11,17041397,0.010665937,27.32666586,33.35266274,3.75
Saudi Arabia,2002,40.94880327,23.64399414,1.90E+11,17910910,-0.323899964,25.9509551,31.34244784,3.75
Saudi Arabia,2003,45.85414919,23.97702152,2.16E+11,18786767,-0.271772776,24.48451029,37.03452202,3.75
Saudi Arabia,2004,50.98533108,24.09750557,2.59E+11,19669480,-0.129209725,22.85910399,42.64093011,3.75
Saudi Arabia,2005,57.05074299,24.90333295,3.28E+11,20559890,1.335158503,21.34028182,48.86063151,3.75
Saudi Arabia,2006,59.83190824,30.11269643,3.77E+11,21459144,1.585536023,22.03924786,49.67009728,3.75
Saudi Arabia,2007,59.93744014,34.92587696,4.16E+11,22368313,1.484578845,20.66207475,47.43944297,3.75
Saudi Arabia,2008,62.11150203,33.99112884,5.20E+11,23287877,1.059256996,17.70425161,54.085801,3.75
Saudi Arabia,2009,47.08862065,37.76972091,4.29E+11,24217654,0.101690387,22.18701313,34.63154171,3.75
Saudi Arabia,2010,49.56971453,32.9799705,5.28E+11,23978487,0.923670092,20.20286978,37.90113143,3.75
Saudi Arabia,2011,55.27334614,29.08608811,6.81E+11,25091867,0.688133632,19.87229665,49.16121888,3.75
Saudi Arabia,2012,53.11984764,28.6208309,7.52E+11,26168861,0.669626014,20.15870455,47.40938523,3.75
Saudi Arabia,2013,50.37251644,29.87898499,7.70E+11,27624004,0.437984196,22.36103297,44.45649855,3.75
Saudi Arabia,2014,45.09584582,32.90426529,7.87E+11,28309273,0.191711517,25.59519131,40.32196899,3.75
Saudi Arabia,2015,31.44013162,35.66513761,6.93E+11,29816382,0.572622098,28.91473458,23.95679932,3.75
Saudi Arabia,2016,29.14308971,28.7785738,6.89E+11,30954198,3.185186119,24.83838195,20.00517714,3.75
Saudi Arabia,2017,32.3625379,27.16944126,7.41E+11,30977355,0.136801407,23.38050068,23.61707191,3.75
Saudi Arabia,2018,35.52098316,23.58192731,8.87E+11,30196281,1.369456833,23.16939871,28.08428116,3.75
Saudi Arabia,2019,32.15920498,24.63461551,8.89E+11,30063799,0.346411456,22.67678825,24.32957801,3.75
Saudi Arabia,2020,23.80981153,23.7233477,7.68E+11,31552510,0.211115523,27.37111421,15.97891078,3.75
Saudi Arabia,2021,29.1556614,21.72826494,9.83E+11,30784383,2.885061217,21.67358349,23.68629406,3.75
Senegal,1995,20.65685942,32.06854401,6326342633,8848101,0.500667562,12.31449231,0.000925535,499.1484259
Senegal,1996,18.08416539,28.18826732,6559712166,9067014,0.212746511,12.80313315,0.001320142,511.5524303
Senegal,1997,18.33293261,28.90838979,6041478726,9283495,2.959708117,12.42965836,0.001615713,583.6693724
Senegal,1998,18.5849659,29.51370891,6505607909,9502952,1.092992585,11.83212638,0.000484062,589.9517746
Senegal,1999,19.00425741,30.48100475,6592834933,9730887,2.452464495,12.46611152,0.00055297,615.4733493
Senegal,2000,17.7641496,30.91594013,6013185004,9968260,1.357744524,12.08613058,0.000962643,710.207977
Senegal,2001,17.7006801,32.01989796,6507824829,10212942,0.692757273,11.40396725,0,732.3976933
Senegal,2002,19.61688005,33.52741941,7006402320,10466214,1.180244408,12.17655815,0,693.7132265
Senegal,2003,18.21802668,32.60319321,8768721563,10721176,0.986458285,12.03829955,0,579.8974262
Senegal,2004,19.10166288,34.55754025,10076816667,10975704,1.365346632,12.67906366,0,527.3380323
Senegal,2005,19.80663757,35.096606,11009033438,11235472,1.525512948,12.4486735,0,527.2583626
Senegal,2006,19.25208464,34.88415316,11697918243,11500094,2.477708377,12.86988119,0,522.4256249
Senegal,2007,20.55438823,38.71691613,13994218413,11770344,2.511456675,13.58730505,0,478.6337185
Senegal,2008,20.84630126,41.91546856,16853989628,12048959,2.704047398,12.78819705,0,446.0000414
Senegal,2009,19.39386655,32.91342432,16145867495,12337389,2.052995358,13.56765515,0,470.2934233
Senegal,2010,19.98123883,32.47661637,16121315909,12635413,1.687783367,14.16282396,0,494.7942622
Senegal,2011,21.30354889,36.27332971,17814283639,12958897,1.901069964,14.83071791,0,471.2486257
Senegal,2012,22.47437442,39.50092958,17660870412,13310495,1.563680196,14.57445563,0,510.5563385
Senegal,2013,22.34974231,38.27702405,18918667725,13710849,1.64581763,14.59971728,0,493.8996239
Senegal,2014,21.77829674,36.66423223,19797253440,14152102,2.036131212,14.73462152,0,493.7573299
Senegal,2015,22.6771945,35.43314317,17774766696,14593331,2.301949347,14.29927726,0,591.211698
Senegal,2016,21.5608581,32.54731111,19040312333,15034521,2.481103207,14.03128101,0,592.6056151
Senegal,2017,21.93008315,35.7751967,20996562944,15475002,2.801853806,13.63397157,0,580.6567496
Senegal,2018,22.94909148,38.840748,23116701556,15914498,3.66765809,13.78463079,0,555.4464584
Senegal,2019,24.9831342,39.25311641,23403995992,16352922,4.552476186,14.00764797,0,585.9110132
Senegal,2020,20.70055286,39.34631876,24530513038,16789219,7.523957081,14.28023956,0,575.5860045
Senegal,2021,24.63960212,44.73639187,27520784130,17220867,9.404264051,15.16247269,0,554.530675
Singapore,1995,181.1209409,164.338323,87812540788,3524506,13.60039465,8.251187298,0,1.417375
Singapore,1996,175.6431124,159.2680509,96293086513,3670704,11.872466,8.953859705,0,1.410040833
Singapore,1997,169.2968861,154.567536,1.00E+11,3796038,15.68237091,8.7598645,0,1.484805833
Singapore,1998,166.7875705,145.2916852,85728207782,3927213,6.950624804,9.493646624,0,1.673601667
Singapore,1999,176.7450129,159.7398335,86286849755,3958723,21.84920346,9.386779713,0,1.694956667
Singapore,2000,188.3508903,176.0136302,96076539926,4027887,16.14889045,10.50416464,0,1.723963333
Singapore,2001,182.8941807,166.397925,89793790670,4138012,18.93986069,11.60992656,0,1.7917225
Singapore,2002,184.0861181,165.6598959,92538372870,4175950,6.653665882,11.84032889,0,1.790588333
Singapore,2003,202.5862064,174.6323579,97646401096,4114826,17.46241537,11.414084,0,1.742183333
Singapore,2004,213.9516954,187.5720171,1.15E+11,4166664,21.20272375,10.31867018,0,1.690228333
Singapore,2005,225.1596677,195.2708452,1.28E+11,4265762,15.11335885,9.897143233,0.000219095,1.6643975
Singapore,2006,228.0376171,197.3257825,1.49E+11,4401365,26.3271523,9.906935503,0.00333183,1.588933333
Singapore,2007,212.7793937,181.5090782,1.81E+11,4588599,26.16198888,9.136127344,0.006460015,1.507101667
Singapore,2008,228.9937709,208.332944,1.94E+11,4839396,7.023286082,10.11321391,0.024765843,1.414860833
Singapore,2009,190.844935,167.3478768,1.94E+11,4987573,12.07109441,9.929973849,0.00620811,1.454514713
Singapore,2010,197.9989608,171.686595,2.40E+11,5076732,23.06947168,9.691568386,0.038058945,1.363508333
Singapore,2011,203.3277086,175.7709227,2.79E+11,5183688,17.59603141,9.236842637,0.153787333,1.257775877
Singapore,2012,196.7196129,172.4933529,2.95E+11,5312437,18.74352442,8.857866885,0.142898804,1.249676204
Singapore,2013,195.0777963,171.9639837,3.08E+11,5399162,20.93448104,9.744217727,0.119121894,1.2513
Singapore,2014,191.9535358,168.5137834,3.15E+11,5469724,21.81848808,9.631032022,0.104388993,1.26705
Singapore,2015,178.3846085,151.0867904,3.08E+11,5535002,22.65418269,10.19090832,0.03400842,1.374825
Singapore,2016,164.5506642,138.2889918,3.20E+11,5607283,20.37662876,10.23658403,0.028930239,1.381546364
Singapore,2017,171.7416255,145.0527838,3.44E+11,5612253,29.67061262,10.17202111,0,1.380925
Singapore,2018,178.1982514,148.3983359,3.77E+11,5638676,22.11837726,9.961974152,0,1.348841667
Singapore,2019,176.8913,147.5036851,3.76E+11,5703569,28.33155043,10.27402813,0,1.364158333
Singapore,2020,181.7820245,150.258781,3.49E+11,5685807,22.84108284,12.26196595,0,1.379741667
Singapore,2021,182.7108066,146.4505771,4.37E+11,5453566,33.30458087,10.64084394,0,1.343483333
Slovak Republic,1995,53.3188331,53.91635502,26180022222,5361999,0.901958666,23.47765349,0.014999813,29.71341667
Slovak Republic,1996,48.89723179,61.92047243,28197790875,5373361,1.244162146,25.05582847,0.022328167,30.65375
Slovak Republic,1997,53.52067303,63.76746072,27844628979,5383291,0.6346171,22.87596689,0.016510382,33.61616667
Slovak Republic,1998,45.48903161,56.41718614,29976207629,5390516,2.157085254,23.09295376,0.003794096,35.23341667
Slovak Republic,1999,46.4024984,51.12775378,30496272225,5396020,1.111267645,21.05328289,0.008462998,41.36283333
Slovak Republic,2000,53.30526683,55.63399613,29215726005,5388720,7.472411043,20.76173459,0.024159705,46.03516667
Slovak Republic,2001,57.26050921,64.67062201,30726659551,5378867,4.987799112,20.93030726,0.01580032,48.35483333
Slovak Republic,2002,57.09838591,63.50078214,35243658399,5376912,11.95232746,20.41030098,0.013885027,45.32675
Slovak Republic,2003,62.77579651,63.22270971,46616149117,5373374,2.07910893,20.84618369,0.011492874,36.77291667
Slovak Republic,2004,69.34449664,70.87796338,57215475076,5372280,7.102097429,18.90371667,0.011504385,32.25691667
Slovak Republic,2005,72.63014069,76.07532047,62547753148,5372807,6.272820579,18.55959166,0.012397711,31.01825
Slovak Republic,2006,81.28034966,83.71185606,70751813443,5373054,8.058361262,18.77329453,0.011556767,29.69725
Slovak Republic,2007,83.37724258,83.20278263,86587749518,5374622,5.841743723,17.13780085,0.008230146,24.69433333
Slovak Republic,2008,80.20446742,82.26000558,1.01E+11,5379233,4.602686328,17.54184587,0.008982077,21.36141667
Slovak Republic,2009,68.09605649,68.6182956,89342984698,5386406,1.702521412,20.00594457,0.004586736,0.716957702
Slovak Republic,2010,77.08108209,78.0274156,91112160801,5391428,2.322228934,19.2064842,0.004613862,0.75430899
Slovak Republic,2011,84.63305212,84.54502419,99705104723,5398384,5.447657476,18.35608505,0.007928261,0.718413899
Slovak Republic,2012,90.90886267,86.06009551,94724394278,5407579,1.87551069,17.80327958,0.007712684,0.77833812
Slovak Republic,2013,92.87902224,88.02411425,99134277850,5413393,1.012668786,18.03959829,0.00600611,0.752945123
Slovak Republic,2014,90.44000899,86.31630711,1.02E+11,5418649,-0.356803047,18.30819999,0.004911772,0.752728197
Slovak Republic,2015,90.69384962,88.73217328,89178548717,5423801,1.704871225,18.49161594,0.002396109,0.901296423
Slovak Republic,2016,92.31168701,90.44569259,90347173229,5430798,5.277707007,18.79781587,0.001429329,0.903421436
Slovak Republic,2017,93.95241687,92.69227053,95978130735,5439232,4.399864246,18.83244153,0.001511931,0.885205508
Slovak Republic,2018,94.92683265,93.80613205,1.07E+11,5446771,2.112695316,18.5660493,0.001983634,0.846772667
Slovak Republic,2019,91.84408651,91.87852212,1.06E+11,5454147,2.153945486,19.55946073,0.001566943,0.893276257
Slovak Republic,2020,84.29834345,83.23582987,1.08E+11,5458827,-1.059756667,20.75604537,0.000491875,0.875506397
Slovak Republic,2021,90.72449506,91.18017037,1.21E+11,5447247,2.255849336,20.78801439,0.001763488,0.845494139
South Africa,1995,20.03786061,19.44017317,1.72E+11,44541554,0.726944504,16.52693035,0.411957331,3.627085
South Africa,1996,21.77474322,20.42450851,1.63E+11,45123018,0.500131496,17.4247249,0.517240207,4.299349167
South Africa,1997,21.66059186,20.64074257,1.69E+11,45666838,2.25505251,17.49187682,0.464343726,4.607961667
South Africa,1998,22.51927182,21.51647352,1.53E+11,46223880,0.359738436,17.10002618,0.249196312,5.528284167
South Africa,1999,22.26921597,19.98908004,1.52E+11,46730335,0.992187596,16.81053119,0.37993782,6.109484167
South Africa,2000,24.40430331,21.81641842,1.52E+11,47159719,0.638427514,16.56721541,0.875739339,6.939828333
South Africa,2001,26.35666063,22.81428455,1.35E+11,47566800,5.368345298,16.62185122,0.745230225,8.609180833
South Africa,2002,28.43116722,25.03433441,1.29E+11,48019415,1.146357269,16.78038803,0.832634912,10.54074667
South Africa,2003,23.91527336,21.80858921,1.97E+11,48500348,0.397492744,16.86632097,0.536032181,7.564749167
South Africa,2004,22.75751879,22.88605644,2.56E+11,48991421,0.274199791,17.00443898,0.667895475,6.4596925
South Africa,2005,23.59976449,23.82801691,2.89E+11,49490033,2.257818745,16.14889853,0.868907024,6.359328333
South Africa,2006,26.09824988,27.66989139,3.04E+11,49998277,0.205125539,15.86074039,0.921713555,6.771549167
South Africa,2007,27.95896439,29.16617474,3.33E+11,50528584,1.977557722,15.88649786,0.95369684,7.045365
South Africa,2008,32.25467367,33.71985013,3.16E+11,51114599,3.126866143,17.07245382,1.379268777,8.261223333
South Africa,2009,24.98274649,24.60478884,3.30E+11,51728516,2.312174703,17.79363314,0.593295689,8.473674158
South Africa,2010,25.78341763,24.62266954,4.17E+11,52344051,0.884904612,17.9960636,0.707879978,7.321221961
South Africa,2011,27.69814847,26.93820197,4.58E+11,52995205,0.903381424,18.19514319,0.964145884,7.261132132
South Africa,2012,27.13914919,28.443468,4.34E+11,53782567,1.064922495,18.82054526,0.980058053,8.209968627
South Africa,2013,28.37928032,30.49574731,4.01E+11,54678791,2.053580952,19.08137455,0.949068015,9.655056069
South Africa,2014,29.0006193,30.49895475,3.81E+11,55594838,1.519327438,19.31406259,0.6928568,10.85265557
South Africa,2015,27.71363841,29.01303773,3.47E+11,56723537,0.438735792,18.98507133,0.194337595,12.75893088
South Africa,2016,28.15608817,27.70516933,3.24E+11,57259551,0.684612553,19.30756165,0.182131538,14.70961089
South Africa,2017,27.34007578,26.19585605,3.81E+11,57635162,0.539673957,19.23607713,0.291332796,13.32380142
South Africa,2018,27.49703715,26.98850798,4.05E+11,58613001,1.374291172,19.35222614,0.407106591,13.23392647
South Africa,2019,27.20212941,26.695867,3.89E+11,59587885,1.314077523,19.58008004,0.372819688,14.44842705
South Africa,2020,27.57591416,23.18374492,3.38E+11,60562381,0.933073684,20.62033987,0.213036197,16.45910539
South Africa,2021,31.10359881,24.93111503,4.21E+11,61502603,9.660265336,19.17826638,0.395954207,14.77867821
Spain,1995,21.86616666,22.96446131,6.14E+11,39724050,1.348422637,17.62637993,0.006028623,124.689
Spain,1996,23.0731001,23.22465057,6.42E+11,39889852,1.52609695,17.49641065,0.00635738,126.6615833
Spain,1997,25.71608047,25.51105938,5.90E+11,40057389,1.599630973,17.01636508,0.003984322,146.4136283
Spain,1998,26.14987787,26.5804352,6.19E+11,40223509,2.539818758,16.8709354,0.001660372,149.3953317
Spain,1999,26.38977088,28.30714231,6.34E+11,40386875,3.09406239,16.80408977,0.002737439,0.938283072
Spain,2000,28.58892257,31.53270153,5.98E+11,40567864,6.773040935,16.70509243,0.00483506,1.082705081
Spain,2001,27.87684854,30.13704102,6.28E+11,40850412,4.604886535,16.54549916,0.006134823,1.116533086
Spain,2002,26.56426727,28.53787426,7.09E+11,41431558,5.551923573,16.62007298,0.004425614,1.057558996
Spain,2003,25.61559171,27.82019801,9.08E+11,42187645,3.386140001,16.76788969,0.004011789,0.884047927
Spain,2004,25.38825825,29.09126002,1.07E+12,42921895,2.361889948,17.1564974,0.003665445,0.803921648
Spain,2005,24.94057893,29.75858777,1.15E+12,43653155,2.33900873,17.31733544,0.003274466,0.803800192
Spain,2006,25.18348697,30.90043941,1.26E+12,44397319,2.609496217,17.3404141,0.002915491,0.796432731
Spain,2007,25.92309713,31.70385164,1.48E+12,45226803,4.620270116,17.67273821,0.002846645,0.7296724
Spain,2008,25.54780876,30.28032275,1.64E+12,45954106,4.528325308,18.77418125,0.003374471,0.67992268
Spain,2009,22.98539595,23.85129405,1.50E+12,46362946,0.638105873,20.56915721,0.001659511,0.716957702
Spain,2010,25.82781334,26.86555663,1.43E+12,46576897,2.5636989,20.54792994,0.002217631,0.75430899
Spain,2011,29.38841011,29.12341278,1.49E+12,46742697,1.803750862,20.57640663,0.002881799,0.718413899
Spain,2012,31.29973628,29.25429841,1.33E+12,46773055,1.566383198,19.88360599,0.004426606,0.77833812
Spain,2013,32.75545702,28.91331563,1.36E+12,46604197,3.460855906,19.80993553,0.010347316,0.752945123
Spain,2014,33.21933993,30.17992221,1.38E+12,46460733,2.3164223,19.55177781,0.007908635,0.752728197
Spain,2015,33.29868496,30.28335627,1.21E+12,46422303,1.971316928,19.35559538,0.002930776,0.901296423
Spain,2016,33.57703298,29.61164487,1.24E+12,46458139,3.617224797,18.95541009,0.001329273,0.903421436
Spain,2017,34.90039521,31.26705093,1.32E+12,46571232,2.540392123,18.54329484,0.001639894,0.885205508
Spain,2018,34.87481399,32.13459641,1.43E+12,46782011,4.467485098,18.58446426,0.001764912,0.846772667
Spain,2019,34.67556293,31.69066211,1.40E+12,47118501,2.16052375,18.73862376,0.000744001,0.893276257
Spain,2020,30.48102485,28.96510316,1.29E+12,47359424,2.921659808,21.81570544,0.000295735,0.875506397
Spain,2021,33.75708433,32.76750462,1.46E+12,47443821,4.422729025,21.00513649,0.000151494,0.845494139
Sudan,1995,4.969441971,9.802956516,13830363900,24672143,0.086765613,5.49435585,0.005328761,0.58087375
Sudan,1996,6.160273639,13.86956957,9018300725,25231528,0.004435425,5.558501571,0.095657569,1.250791667
Sudan,1997,5.343646745,12.51495998,11681175864,25799821,0.838100557,5.416555649,0.170635538,1.5757425
Sudan,1998,6.702106507,15.17304148,11250221537,26458999,3.295046225,6.224918117,0.17028062,2.008019167
Sudan,1999,7.779407238,16.934961,10682028340,27130613,3.471250854,6.478768072,2.04975332,2.525504167
Sudan,2000,15.98455706,13.4196774,12257299147,27816745,3.1997261,9.077859585,10.68698594,2.571225
Sudan,2001,9.560517862,10.73282776,15716361792,28516770,3.65224476,8.698990505,6.84045042,2.587021042
Sudan,2002,11.40958295,14.21597877,18137128388,29228727,3.932154996,8.491380925,7.147725748,2.633058333
Sudan,2003,12.25253412,14.18769395,21355298460,29896035,6.317823198,10.14900424,6.97515874,2.609834333
Sudan,2004,14.30039194,16.13194568,26646007251,30556637,5.67090591,12.33122368,10.11949802,2.57905
Sudan,2005,14.45882184,21.41276956,35182711988,31262444,4.438799367,10.4082811,12.45994262,2.436058333
Sudan,2006,15.0949253,21.10766832,45263831634,31992435,4.06910716,10.92495918,12.50047161,2.171533333
Sudan,2007,16.90053412,17.50280204,59440139775,32764135,2.530915715,11.14739827,13.61349368,2.0161
Sudan,2008,20.26543163,16.4756662,64833083257,33623980,2.549809808,10.13542248,17.88527459,2.090162829
Sudan,2009,14.55419799,18.22668034,51621044077,34569113,3.344175682,11.3756261,9.596759436,2.301533333
Sudan,2010,17.47560635,15.2527036,58962978034,35414399,3.500045395,9.45186901,11.49312571,2.30600092
Sudan,2011,12.47870603,15.033633,55018567211,36140806,3.15234853,6.252052076,15.10049839,2.666619622
Sudan,2012,6.856452637,14.99972189,37632919967,36923178,6.142124347,6.452063784,3.695379319,3.572958333
Sudan,2013,9.506891168,17.35163333,43024018082,37785849,3.923120745,6.398751494,4.599584966,4.756760547
Sudan,2014,7.608911123,13.23619788,49516748618,38823318,2.52698516,6.08247266,2.657045667,5.736866667
Sudan,2015,6.422910929,11.95536193,51726758677,40024431,3.341352614,6.174441364,0.798069584,6.025732598
Sudan,2016,5.004491007,10.27717888,42630376000,41259892,2.495327593,5.588456456,0.586718856,6.211713646
Sudan,2017,6.112144258,11.71924557,41283617976,42714306,2.580438764,6.429600977,0.823819483,6.68336
Sudan,2018,7.650201985,14.21771674,32333780383,44230596,3.512695239,6.714043305,3.364678798,24.3289109
Sudan,2019,8.452983418,17.66663704,32338079165,45548175,2.552269688,6.170935498,2.999367032,45.76704545
Sudan,2020,5.125312695,4.829832382,27034593750,46789231,2.65193447,14.44544107,1.875119024,53.9960119
Sudan,2021,2.249870428,1.87767821,34229513775,48066924,1.527540298,10.95628375,3.302268457,370.7905833
Switzerland,1995,40.0197083,36.23246461,3.53E+11,7040687,1.178522102,11.8081945,0,1.182469167
Switzerland,1996,41.02778787,37.72469708,3.40E+11,7071850,1.434919906,11.89582895,0,1.23601
Switzerland,1997,46.49448081,41.97549765,2.95E+11,7088906,2.846762909,11.63008159,0,1.4513125
Switzerland,1998,45.99468324,42.22093352,3.03E+11,7110001,3.738735447,11.33429094,0,1.449813308
Switzerland,1999,46.78101479,43.03599931,2.98E+11,7143991,4.881710629,11.35200086,0,1.502155
Switzerland,2000,51.43772288,46.49913334,2.79E+11,7184250,8.266316029,11.15989094,0,1.6888425
Switzerland,2001,50.20269648,45.83714141,2.87E+11,7229854,3.407398223,11.16376749,0,1.687615
Switzerland,2002,48.55964116,43.2222097,3.09E+11,7284753,2.669903848,11.54289756,0,1.5586075
Switzerland,2003,47.72071843,42.61477788,3.62E+11,7339001,5.446675187,11.73489356,0,1.346650833
Switzerland,2004,51.2999853,44.21710916,4.04E+11,7389625,1.758372736,11.5149096,0.000185269,1.243495833
Switzerland,2005,53.85417403,48.40699811,4.18E+11,7437115,0.637104289,11.24825181,0.000317766,1.245176667
Switzerland,2006,56.60918522,49.63596956,4.42E+11,7483934,12.17313231,10.74276517,0.000637119,1.253843333
Switzerland,2007,61.55281455,51.77904322,4.91E+11,7551117,9.921389238,10.42441003,0.000749164,1.200365833
Switzerland,2008,63.12931869,53.64868145,5.67E+11,7647675,0.527253064,10.5706989,0.000960014,1.08309
Switzerland,2009,58.00966904,51.76631573,5.54E+11,7743831,8.599325092,11.38462464,0.000203203,1.088141696
Switzerland,2010,64.83762827,55.22749551,5.99E+11,7824909,2.950773194,11.1836122,0.000301351,1.042905646
Switzerland,2011,66.44992365,59.10634951,7.16E+11,7912398,2.900520774,11.27557156,0.000356658,0.888042028
Switzerland,2012,67.77737305,58.67648741,6.86E+11,7996861,5.819102216,11.31492738,0.000416319,0.937684481
Switzerland,2013,72.06821362,61.62549479,7.06E+11,8089346,-3.52948637,11.41257917,0.000268215,0.926903548
Switzerland,2014,65.33727002,54.87615317,7.27E+11,8188649,2.890846319,11.48163646,0.000243487,0.916151047
Switzerland,2015,63.82895575,53.30952661,6.94E+11,8282396,17.10838333,11.53756702,0.000125064,0.962381328
Switzerland,2016,66.81772593,56.74819859,6.88E+11,8373338,24.2480735,11.51496174,0.00011666,0.985394394
Switzerland,2017,66.34849019,57.27331723,6.95E+11,8451840,20.60353779,11.50939148,0.000178578,0.984691667
Switzerland,2018,67.4781861,56.95031822,7.26E+11,8514329,-22.10511983,11.26492075,0.000217357,0.977891667
Switzerland,2019,66.96539368,57.1622185,7.21E+11,8575280,2.823485357,11.35490376,0.000444795,0.993709167
Switzerland,2020,64.09555716,57.69042098,7.42E+11,8638167,-32.54736113,12.12645459,0.000231252,0.938965
Switzerland,2021,71.11923292,58.89702837,8.15E+11,8704546,-15.12144278,11.91598069,0.00051229,0.913845833
Sweden,1996,36.12580848,30.38006817,2.92E+11,8840998,1.881088551,25.81731945,0,6.705955833
Sweden,1997,39.23084923,32.76341661,2.68E+11,8846062,3.828887481,25.30173426,0,7.634894167
Sweden,1998,40.12946096,34.2046254,2.71E+11,8850974,8.61416202,25.366036,0,7.949868167
Sweden,1999,40.17608298,34.67131692,2.74E+11,8857874,22.93319322,25.37253838,0,8.262428333
Sweden,2000,43.24461659,38.22699364,2.63E+11,8872109,8.679112107,24.52538411,0,9.162244167
Sweden,2001,42.89873159,37.66996873,2.42E+11,8895960,7.512522249,24.72661479,0.000855179,10.32913583
Sweden,2002,41.16090973,35.92399444,2.67E+11,8924958,6.874898241,25.40168953,0.001870994,9.737123333
Sweden,2003,40.33533438,34.99248359,3.34E+11,8958229,1.798308906,25.7329563,0.001789968,8.086304167
Sweden,2004,42.71816798,36.01735174,3.85E+11,8993531,4.382985861,25.05846605,0.002720353,7.348886667
Sweden,2005,45.33085355,38.8366669,3.92E+11,9029572,5.305897302,24.93019639,0.004518456,7.473088333
Sweden,2006,47.59757294,40.73226295,4.23E+11,9080505,5.219187766,24.66208652,0.006952689,7.378249167
Sweden,2007,47.72324692,41.82318379,4.90E+11,9148092,9.416078516,24.20581067,0.010650078,6.75877
Sweden,2008,49.01330792,43.79459351,5.15E+11,9219637,8.051928322,24.78545141,0.018206287,6.591099167
Sweden,2009,43.4583447,38.4995447,4.34E+11,9298515,2.063225143,26.13211614,0.016768649,7.653819167
Sweden,2010,44.87625196,40.21479751,4.93E+11,9378126,0.126859059,25.18778521,0.020367115,7.207524167
Sweden,2011,45.41335849,40.97696659,5.71E+11,9449213,1.223286221,25.0924805,0.029594245,6.493543333
Sweden,2012,44.83279957,40.46487164,5.50E+11,9519374,0.777370132,25.8785849,0.026228031,6.775015833
Sweden,2013,42.73549446,38.9043189,5.84E+11,9600379,0.254696305,26.31828066,0.020164251,6.513971667
Sweden,2014,43.45799096,40.3646558,5.78E+11,9696110,-1.04543478,26.27548671,0.017402591,6.860785
Sweden,2015,43.70851741,40.44865652,5.02E+11,9799186,1.948894425,25.89277,0.009604969,8.434840833
Sweden,2016,42.91044742,40.35335333,5.14E+11,9923085,3.008539081,26.43903831,0.007693405,8.561991667
Sweden,2017,43.89423569,42.02701473,5.36E+11,10057698,4.533844068,26.26195557,0.009977792,8.548860833
Sweden,2018,45.89094492,44.23875079,5.51E+11,10175214,-0.129536947,26.25521306,0.026172718,8.692518333
Sweden,2019,48.24121382,44.27986966,5.32E+11,10278887,2.984475169,25.83599337,0.025371271,9.458349167
Sweden,2020,44.25994298,40.07083879,5.45E+11,10353442,3.396834569,26.53116584,0.013203961,9.210309028
Sweden,2021,47.29964596,42.97834022,6.37E+11,10415811,9.099546659,25.75244159,0.027239181,8.576566716
Tajikistan,1995,65.58309456,71.93280802,1231561860,5948584,0.811977077,15.80659026,0.33813248,0.122858703
Tajikistan,1996,76.60580415,80.06478599,1043654822,6066523,1.724708171,16.8229572,0.428948083,0.2955
Tajikistan,1997,87.41798533,94.17213431,921518032.9,6139829,1.953298726,16.50586646,0.319253744,0.562333333
Tajikistan,1998,48.8637472,58.03179557,1320199582,6176397,2.267869224,9.518618941,0.046719771,0.776625
Tajikistan,1999,66.09665428,67.50929368,1086612290,6208370,0.616862156,9.926096654,0.125359928,1.237791667
Tajikistan,2000,86.75211283,88.5990933,860541842.3,6284735,2.735869291,8.290675547,0.30549913,2.07625
Tajikistan,2001,68.14104064,78.51626492,1080772551,6407377,0.878575237,8.659010063,0.159928729,2.372191667
Tajikistan,2002,62.80923177,75.87473706,1221106220,6531669,2.953584168,8.598826771,0.127446536,2.764133333
Tajikistan,2003,63.93077666,73.73881631,1555318261,6658575,2.034933993,8.264268913,0.127382356,3.061366667
Tajikistan,2004,58.74531805,69.59285263,2076176869,6790547,13.10221224,11.78473562,0.092231556,2.970508333
Tajikistan,2005,54.24194488,72.75275442,2312352021,6924720,2.356012385,14.60050509,0.134517641,3.116566667
Tajikistan,2006,58.1562259,82.99768618,2830213849,7057566,11.9647284,11.10420773,0.134455289,3.298408333
Tajikistan,2007,45.85923589,99.66886383,3719524541,7194477,9.677779943,8.90397051,0.106966594,3.442483333
Tajikistan,2008,34.01479641,80.46535269,5161299725,7338403,9.428135662,9.333596883,0.095839463,3.430725
Tajikistan,2009,24.47099886,61.50713818,4979472364,7490230,2.993500899,12.46237002,0.049879788,4.142708333
Tajikistan,2010,14.93902562,58.55401889,5642221099,7652141,1.664959036,11.32670366,0.050074164,4.378966667
Tajikistan,2011,16.44768565,63.33655902,6522756255,7824785,2.236534132,13.65330833,0.070334387,4.610183333
Tajikistan,2012,17.27727988,65.89866466,7633036903,8014084,3.166974994,12.84181942,0.087185441,4.737708333
Tajikistan,2013,11.08814366,60.65559923,8448411318,8216724,3.351407967,13.29732523,0.075186897,4.764233333
Tajikistan,2014,9.17009119,45.43706842,9112605459,8425552,3.583978385,14.03984078,0.065685418,4.937566667
Tajikistan,2015,9.80269843,40.13511764,8271431485,8643840,5.488920761,11.55895311,0.024252987,6.163116667
Tajikistan,2016,13.20032926,42.52431544,6992416097,8865631,3.455404596,11.75682557,0.059126808,7.835675
Tajikistan,2017,14.92853961,38.85756499,7536402853,9085946,2.465726479,11.38648204,0.108282689,8.549741667
Tajikistan,2018,14.37547847,41.47063294,7764999999,9307333,2.844330101,11.22106638,0.205073118,9.151216667
Tajikistan,2019,14.97993927,41.06507664,8300813599,9529966,2.563721353,11.15449666,0.198471762,9.530366667
Tajikistan,2020,17.32431457,38.42478945,8133963551,9749310,1.309752523,11.56800459,0.1237612,10.32194167
Tajikistan,2021,24.18192989,47.64400755,8937805347,9966908,0.940255222,10.88425279,0.287161793,11.30885
Thailand,1995,41.53234507,48.22382987,1.69E+11,59098232,1.221614877,11.25060283,0.135055462,24.9151757
Thailand,1996,39.0184202,45.2557278,1.83E+11,59920064,1.276168189,11.58426113,0.181677746,25.34268286
Thailand,1997,48.23705871,46.81473194,1.50E+11,60724584,2.593383427,12.08383312,0.223459764,31.36433445
Thailand,1998,57.93730284,42.30317089,1.14E+11,61522630,6.434806711,13.06449167,0.147065963,41.3593875
Thailand,1999,56.43854286,44.26774584,1.27E+11,62299043,4.81780662,13.5690524,0.259444931,37.81365583
Thailand,2000,64.84025074,56.45770461,1.26E+11,63007815,2.663128687,13.57596522,0.68731315,40.11180333
Thailand,2001,63.25068976,57.01727652,1.20E+11,63651141,4.212235095,13.47449701,0.524207578,44.4319
Thailand,2002,60.6457526,54.32399042,1.34E+11,64266437,2.488153019,13.17238453,0.52634221,42.96008333
Thailand,2003,61.52255163,55.17026807,1.52E+11,64868166,3.435939848,12.9255475,0.655539544,41.48461667
Thailand,2004,65.97185734,61.44001638,1.73E+11,65452047,3.389474953,13.11369024,0.818270913,40.22241492
Thailand,2005,68.4027169,69.45114993,1.89E+11,66017420,4.339587081,13.65362337,1.359075071,40.22013021
Thailand,2006,68.67534203,65.41160416,2.22E+11,66567687,4.021256707,13.50226245,1.53654839,37.88198322
Thailand,2007,68.87227517,61.00095182,2.63E+11,67102394,3.283569394,13.92594847,1.366611032,34.51818059
Thailand,2008,71.41641811,69.02059343,2.91E+11,67619830,2.938249054,14.34195099,1.907917867,33.31330064
Thailand,2009,64.43861249,54.83080636,2.82E+11,68121080,2.275902241,15.98005191,1.007356198,34.28577412
Thailand,2010,66.48617316,60.76434948,3.41E+11,68579447,4.323209282,15.80081503,1.333780837,31.685705
Thailand,2011,70.85490938,68.82049784,3.71E+11,69007208,0.667087645,16.14178096,1.772510794,30.49173333
Thailand,2012,68.95123563,68.72370288,3.98E+11,69436098,3.244564443,16.3529827,1.640990466,31.08309167
Thailand,2013,67.17114107,65.2911331,4.20E+11,69845114,3.791264509,16.36348545,1.434169715,30.72596667
Thailand,2014,68.39413516,62.51136028,4.07E+11,70216367,1.22145318,16.91636111,1.256455324,32.47983333
Thailand,2015,67.63669027,57.20297188,4.01E+11,70540795,2.22468549,17.12115127,0.533712422,34.24771667
Thailand,2016,67.07088397,53.50434332,4.13E+11,70859841,0.843364341,16.86518276,0.429121666,35.29638333
Thailand,2017,66.67283247,54.21859497,4.56E+11,71160187,1.815502601,16.29840379,0.527823222,33.93981106
Thailand,2018,64.8380969,56.00376783,5.07E+11,71376079,2.712798351,16.17396643,0.680804724,32.31022574
Thailand,2019,59.51889062,50.17062409,5.44E+11,71522271,1.017348776,16.16935204,0.459890941,31.04760578
Thailand,2020,51.49442661,46.30631664,5.00E+11,71641484,-0.857989527,17.79488741,0.17393082,31.29367321
Thailand,2021,58.55938918,58.69355544,5.06E+11,71727332,3.040252821,18.23517477,0.481657875,31.97709344
Tunisia,1995,44.90435027,48.81009629,18030876599,9161258,1.530549276,16.28918941,2.427554478,0.94575
Tunisia,1996,42.10937623,43.61097853,19587161807,9294432,1.2168062,15.55099836,2.738015061,0.973408333
Tunisia,1997,39.11408074,41.38662971,20746210354,9421270,1.651890678,16.337596,2.13042895,1.105908333
Tunisia,1998,38.51978653,41.45967173,21802893587,9541667,2.984593697,16.42855704,1.302068366,1.138725
Tunisia,1999,37.97904159,39.92607236,22943202175,9655963,1.513826527,16.27473747,1.927333126,1.186225
Tunisia,2000,39.73003459,42.90907608,21473528161,9764935,3.496027471,16.67119667,3.229283531,1.370683333
Tunisia,2001,42.81682332,46.73537787,22065832449,9869677,2.046216975,16.57164277,2.341622323,1.4387125
Tunisia,2002,40.7848346,44.55734137,23141616605,9971515,3.415072206,17.22672729,2.362697508,1.421733333
Tunisia,2003,39.48356383,42.90677688,27453902261,10071632,1.965046476,17.20115794,2.1172573,1.288458333
Tunisia,2004,42.19807665,44.72726805,31183885241,10166163,1.898889497,16.92238372,2.608690668,1.245466667
Tunisia,2005,44.93229204,45.31895584,32272186695,10255472,2.208449195,16.91934752,3.792492236,1.297433333
Tunisia,2006,46.02851635,47.91241406,34376664601,10346410,9.424733697,16.70899244,4.107757572,1.331025
Tunisia,2007,51.07822198,52.981179,38915353867,10441702,3.893951599,16.64109737,5.51629478,1.281358333
Tunisia,2008,55.65282994,58.69083028,44859439902,10542635,5.797386196,16.13259229,5.935148436,1.232141667
Tunisia,2009,45.03981103,47.97706775,43455740497,10650681,3.50988118,16.63116168,3.448327852,1.350275
Tunisia,2010,47.95972869,52.19128114,46206091938,10765980,2.888142318,15.15364473,4.127118274,1.4314
Tunisia,2011,46.05465377,54.05172553,48123325825,10886035,0.899077535,16.43109634,5.013449641,1.407783333
Tunisia,2012,45.91284777,55.63787616,47311401813,11009647,3.28518934,16.65698509,5.065946828,1.561891667
Tunisia,2013,44.88970532,54.06525136,48685446414,11141361,2.174412807,17.30276167,4.284210781,1.624658333
Tunisia,2014,42.94746512,53.15963874,50271812921,11274288,2.038427469,17.3282153,3.355078247,1.697675
Tunisia,2015,38.39983876,48.8486919,45779494042,11402264,2.119992606,17.9055747,1.625962997,1.961625
Tunisia,2016,38.29529558,48.79736879,44360072680,11528674,1.403445586,18.71925732,1.266744869,2.148033333
Tunisia,2017,41.72078638,54.08801949,42163530591,11650498,1.923312568,19.12431442,1.48811485,2.419425
Tunisia,2018,45.48548265,58.3862531,42686504460,11765514,2.32248035,18.38820026,1.990215489,2.646866667
Tunisia,2019,45.95049333,56.38155214,41905642419,11875081,1.9448765,18.8168917,1.661411812,2.934433333
Tunisia,2020,37.98343293,46.35483393,42491780918,11974057,1.466343049,21.63560306,0.916677527,2.812358333
Tunisia,2021,41.76758301,51.87138051,47073234359,12048622,1.162893014,20.80663136,1.548962101,2.794466667
Turkiye,1995,19.8916075,24.35102725,1.69E+11,61024503,0.522680251,10.7858027,0.110564587,0.045845061
Turkiye,1996,21.54265814,27.82665675,1.81E+11,61951134,0.397874164,11.57077274,0.14499897,0.081404892
Turkiye,1997,24.58171768,30.38860589,1.90E+11,62852966,0.423955542,12.2593918,0.1068195,0.151865
Turkiye,1998,20.66622987,19.72918072,2.76E+11,63734383,0.340651308,10.61322313,0.021472214,0.26072425
Turkiye,1999,18.8109125,18.85400951,2.56E+11,64591923,0.30538706,12.66856215,0.062998321,0.418782917
Turkiye,2000,19.8811989,22.47323813,2.74E+11,65425961,0.358009205,11.92865718,0.119531436,0.6252185
Turkiye,2001,27.18194188,22.68953326,2.02E+11,66245128,1.661436481,12.64592114,0.109672292,1.225588083
Turkiye,2002,25.10511902,22.87727503,2.40E+11,67048795,0.450365944,12.83566599,0.092405867,1.507226417
Turkiye,2003,23.0061779,23.21891973,3.15E+11,67831730,0.541012065,12.59041885,0.080783589,1.500885209
Turkiye,2004,23.62475321,25.20108494,4.09E+11,68592617,0.681153209,12.31520052,0.080880457,1.42553725
Turkiye,2005,21.87626756,24.26608949,5.06E+11,69329557,1.98117883,12.18597483,0.098246345,1.343583108
Turkiye,2006,22.39483394,26.36803713,5.57E+11,70045349,3.623382498,12.90752769,0.097675686,1.428453413
Turkiye,2007,21.88952569,25.96129105,6.81E+11,70158112,3.235919042,13.38969047,0.086911573,1.302930905
Turkiye,2008,23.56629093,26.98196297,7.70E+11,71051678,2.576549074,13.59629254,0.12200059,1.301521703
Turkiye,2009,23.37019915,23.4168678,6.49E+11,72039206,1.32221487,15.65785942,0.086457877,1.549959776
Turkiye,2010,21.19413332,25.50033191,7.77E+11,73142150,1.171091807,14.87455791,0.085534449,1.50284863
Turkiye,2011,22.99370125,30.31047438,8.39E+11,74223629,1.929218383,13.60035517,0.123984127,1.674954552
Turkiye,2012,24.36087552,28.46992714,8.81E+11,75175827,1.560832223,14.12612289,0.111617757,1.796000944
Turkiye,2013,23.79300951,28.73428929,9.58E+11,76147624,1.416058933,14.01838471,0.097421884,1.903768242
Turkiye,2014,25.2055417,28.56075947,9.39E+11,77181884,1.420439706,14.01997975,0.09449845,2.188542418
Turkiye,2015,24.53127734,26.55726626,8.64E+11,78218479,2.228704409,13.80517246,0.0446861,2.720008528
Turkiye,2016,23.08350913,25.2446771,8.70E+11,79277962,1.590809741,14.73321297,0.034923762,3.020134748
Turkiye,2017,26.03942234,29.72274641,8.59E+11,80312698,1.302694983,14.38025542,0.053757324,3.648132635
Turkiye,2018,31.23269623,31.38152231,7.79E+11,81407204,1.59826005,14.50889193,0.108111879,4.828370147
Turkiye,2019,33.07421606,30.11907684,7.61E+11,82579440,1.249267555,15.27094868,0.102518298,5.673819308
Turkiye,2020,29.12079018,32.22296559,7.20E+11,83384680,1.044231303,14.99351188,0.061240095,7.008605416
Turkiye,2021,35.74369611,35.33874785,8.20E+11,84147318,1.545863836,12.94541377,0.137970824,8.850407549
Ukraine,1995,47.07324949,50.15644699,48213856469,51665539,0.553782708,21.26964757,0.485904965,1.473075
Ukraine,1996,45.65193206,48.20471301,44558831005,51226109,1.169240728,21.75934494,0.739944616,1.829468558
Ukraine,1997,40.59122616,43.65019001,50151531592,50786885,1.242235242,27.39891897,0.512363844,1.861658333
Ukraine,1998,41.88784722,44.16188122,41882523345,50379731,1.774009636,24.60791584,0.181694618,2.449541667
Ukraine,1999,53.70379073,48.24791624,31580639554,49976446,1.570582506,19.82950307,0.702404231,4.130441667
Ukraine,2000,60.29705669,55.43865825,32375083935,49556660,1.837833073,17.89664335,0.991786006,5.440233333
Ukraine,2001,50.64898781,49.27713981,39309580983,49106855,2.014775991,18.90375281,0.595777693,5.372158333
Ukraine,2002,50.1187334,45.87593641,43956163612,48677281,1.576570708,17.6870051,0.557285488,5.326625
Ukraine,2003,52.54313064,50.04705161,52010355753,48315136,2.737916285,18.23980098,0.596245151,5.332688333
Ukraine,2004,58.69683172,51.28487683,67220154164,47979507,2.551318159,16.89078827,0.669711109,5.319180667
Ukraine,2005,47.72973268,46.91783742,89238865119,47585556,8.749550983,17.52714153,0.781757652,5.124729
Ukraine,2006,43.21862312,45.96242952,1.12E+11,47278694,5.008725386,17.64793334,0.765715565,5.05
Ukraine,2007,41.28991114,46.75664953,1.49E+11,47062798,6.85318051,17.03381414,0.626895265,5.05
Ukraine,2008,43.25986886,50.91202329,1.88E+11,46819175,5.688149369,16.97353402,0.68474001,5.267221417
Ukraine,2009,42.9288247,44.54733792,1.22E+11,46623731,3.923418767,19.44042608,0.534186377,7.791240333
Ukraine,2010,46.45653833,49.27319213,1.41E+11,46456003,4.568400183,19.66669195,0.466160188,7.935639417
Ukraine,2011,49.40615693,55.39891697,1.69E+11,46307853,4.256089748,17.69158703,0.60456434,7.967562833
Ukraine,2012,47.38283156,55.2399568,1.83E+11,46210056,4.477201094,18.93994638,0.512858517,7.991029333
Ukraine,2013,42.89738267,51.10428678,1.90E+11,46126770,2.366943901,18.89795272,0.429728229,7.993
Ukraine,2014,48.59296182,52.09882067,1.34E+11,45972380,0.634438528,18.66577605,0.537401817,11.88665942
Ukraine,2015,52.59767951,55.20893679,91030967789,45784896,-0.217508398,18.92414752,0.298048598,21.84469777
Ukraine,2016,49.29861946,56.22258546,93355869404,45616832,4.421789467,18.60204321,0.200405629,25.55133412
Ukraine,2017,48.12491635,55.91006656,1.12E+11,45436041,3.283061306,20.68346355,0.34858254,26.5966063
Ukraine,2018,45.23523566,53.96457941,1.31E+11,45208907,3.800869918,20.77174914,0.484549678,27.20049233
Ukraine,2019,41.23169126,49.27954304,1.54E+11,44957458,3.766496761,18.78053343,0.363416965,25.84558933
Ukraine,2020,38.82164629,40.33480609,1.57E+11,44680014,0.194103193,19.29509671,0.191284197,26.95752438
Ukraine,2021,40.68834048,42.00962089,2.00E+11,44298640,3.981661339,17.74217191,0.279676988,27.28618938
United Kingdom,1995,25.78062911,25.21515064,1.34E+12,58019030,2.166968265,17.04159794,0.510075234,0.63366812
United Kingdom,1996,26.36119179,25.88261668,1.42E+12,58166950,2.283151708,16.6012266,0.692863039,0.640958255
United Kingdom,1997,25.76900688,25.20439897,1.56E+12,58316954,3.287298647,16.04271008,0.486467801,0.610836114
United Kingdom,1998,24.42962,24.90683535,1.65E+12,58487141,6.640741936,16.03974358,0.145754867,0.603823594
United Kingdom,1999,24.30534255,25.32609696,1.69E+12,58682466,7.695772086,16.45303897,0.442618244,0.618056845
United Kingdom,2000,25.65982165,26.86190895,1.67E+12,58892514,9.854512069,16.64089641,0.899607458,0.660930833
United Kingdom,2001,25.54716504,27.27444847,1.65E+12,59119673,3.39980591,17.26349863,0.623069756,0.694655
United Kingdom,2002,24.510361,26.86927321,1.79E+12,59370479,5.026548637,18.13873811,0.597074819,0.667223333
United Kingdom,2003,24.05649057,26.18303249,2.05E+12,59647577,1.752864088,18.8381622,0.559752287,0.6124725
United Kingdom,2004,24.07228892,26.37942232,2.42E+12,59987905,3.595239298,19.40003191,0.575171957,0.54618
United Kingdom,2005,25.27151047,27.40920637,2.54E+12,60401206,9.9345464,19.59744028,0.72022558,0.549998333
United Kingdom,2006,27.51212944,29.40229804,2.71E+12,60846820,7.518583129,19.7937825,0.70817176,0.543486667
United Kingdom,2007,25.51156032,27.45279312,3.09E+12,61322463,6.779300045,19.68268273,0.681853368,0.499771667
United Kingdom,2008,27.50596135,29.19264558,2.93E+12,61806995,8.652048202,20.37995733,0.996222101,0.54396625
United Kingdom,2009,26.88155103,28.122833,2.41E+12,62276270,0.602903981,21.9893182,0.617381639,0.641919263
United Kingdom,2010,28.85674267,30.4160323,2.49E+12,62766365,2.68497359,21.52966051,0.639286356,0.647179346
United Kingdom,2011,31.38759406,32.17780692,2.66E+12,63258810,1.014039752,20.89625223,0.821604376,0.624140836
United Kingdom,2012,30.61856843,31.6074143,2.71E+12,63711000,1.726975994,20.73763724,0.656341548,0.633046989
United Kingdom,2013,30.28942477,31.70968714,2.78E+12,64139000,1.95605174,20.12910353,0.535996112,0.639660578
United Kingdom,2014,28.57621473,30.51858939,3.06E+12,64620000,1.921567748,19.86621309,0.450978748,0.607729627
United Kingdom,2015,27.84595067,29.35759902,2.93E+12,65088000,1.548321685,19.54853007,0.24024646,0.654545479
United Kingdom,2016,28.90233952,30.79805889,2.69E+12,65607000,12.07885281,19.21828438,0.20568357,0.740634464
United Kingdom,2017,30.89035103,32.231299,2.68E+12,65966000,4.677309144,18.65932094,0.306336105,0.776976682
United Kingdom,2018,31.58011136,32.96253689,2.87E+12,66289000,-0.872604334,18.54129342,0.495559268,0.74953154
United Kingdom,2019,31.63478028,33.03035336,2.85E+12,66631000,0.694070008,19.09610949,0.457125859,0.78344511
United Kingdom,2020,29.66979576,29.11134184,2.70E+12,66744000,5.82864206,22.61094203,0.240228125,0.779999577
United Kingdom,2021,29.18027479,29.40426184,3.14E+12,66984000,0.160847823,22.25938567,0.416142083,0.727064945
United States,1995,10.63922388,11.81415777,7.64E+12,266278000,0.904218188,14.94477109,0.295556544,1
United States,1996,10.74663556,11.94043643,8.07E+12,269394000,1.209693103,14.52832002,0.351311636,1
United States,1997,11.11975771,12.30857009,8.58E+12,272657000,1.424065981,14.22933956,0.203604051,1
United States,1998,10.51526253,12.31063145,9.06E+12,275854000,2.329849538,13.98690937,0.075558507,1
United States,1999,10.30933722,13.00423251,9.63E+12,279040000,3.24414308,14.03181254,0.164264517,1
United States,2000,10.69277273,14.41021283,1.03E+13,282162411,3.405781239,14.02394626,0.307551277,1
United States,2001,9.703448209,13.26373481,1.06E+13,284968955,1.630099767,14.53563901,0.169432958,1
United States,2002,9.131385654,13.15499856,1.09E+13,287625193,1.016139652,15.05903318,0.172817089,1
United States,2003,9.035652405,13.59164488,1.15E+13,290107933,1.02218401,15.24362259,0.211788526,1
United States,2004,9.628747873,14.81930878,1.22E+13,292805298,1.748690943,15.15830637,0.283170635,1
United States,2005,9.98205641,15.65650093,1.30E+13,295516599,1.091662316,15.04714592,0.350823193,1
United States,2006,10.64138951,16.3338963,1.38E+13,298379912,2.160335905,15.00446271,0.349464273,1
United States,2007,11.4637893,16.54822627,1.45E+13,301231207,2.394690757,15.18929369,0.356897499,1
United States,2008,12.42584392,17.4419436,1.48E+13,304093966,2.309378381,15.93407576,0.521498896,1
United States,2009,10.93221906,13.82730858,1.45E+13,306771529,1.112600183,16.80769263,0.259640404,1
United States,2010,12.34135543,15.87852751,1.50E+13,309378227,1.754531921,16.68583852,0.2937627,1
United States,2011,13.56346378,17.27901479,1.56E+13,311839461,1.689112351,16.098424,0.370845235,1
United States,2012,13.64405127,17.03778831,1.63E+13,314339099,1.540208331,15.4758499,0.205925846,1
United States,2013,13.55349188,16.3878144,1.69E+13,316726282,1.70686814,14.99195264,0.30565008,1
United States,2014,13.50821421,16.39835512,1.76E+13,319257560,1.430338631,14.55165788,0.292226566,1
United States,2015,12.41114863,15.2770653,1.83E+13,321815121,2.795482202,14.23331673,0.007525181,1
United States,2016,11.88815923,14.56443856,1.88E+13,324353340,2.522681174,14.11000412,0.0922955,1
United States,2017,12.17748103,14.9478572,1.96E+13,326608609,1.941775542,13.84713377,0.162525851,1
United States,2018,12.28711076,15.15824837,2.07E+13,328529577,1.039454088,13.84421264,0.319247607,1
United States,2019,11.78919741,14.46928321,2.15E+13,330226227,1.466965014,13.98355857,0.36854456,1
United States,2020,10.07365563,13.00612224,2.14E+13,331577720,0.641871902,14.89574487,0.187625106,1
United States,2021,10.7909782,14.42267783,2.37E+13,332099760,2.009212298,14.2530325,0.611482656,1
Viet Nam,1995,32.81285533,41.90841059,20736164459,72049940,8.585965855,8.187704245,3.249278534,11038.25
Viet Nam,1996,40.86848742,51.83725938,24657470575,73156447,9.713080637,8.352570983,3.559587056,11032.58333
Viet Nam,1997,43.10270675,51.24177732,26843700442,74226889,8.270096758,8.130781225,3.072803936,11683.33333
Viet Nam,1998,44.84830338,52.15294514,27209602050,75299660,6.141214403,7.62374071,1.761768597,13268
Viet Nam,1999,49.96624597,52.82116063,28683659007,76287452,4.922663457,6.785233859,3.729660024,13943.16667
Viet Nam,2000,53.92149701,57.49559741,31172518403,77154011,4.16392408,6.41826259,7.679870819,14167.75
Viet Nam,2001,55.06193328,56.89400472,32685198809,77969361,3.977335453,6.329382188,5.805489,14725.16667
Viet Nam,2002,54.73913369,61.95773496,35064105501,78772224,3.992687051,6.232244915,5.287274473,15279.5
Viet Nam,2003,56.67325791,67.65469652,39552513232,79563777,3.6660123,6.320065597,5.585378737,15509.58333
Viet Nam,2004,59.73104141,73.28545645,45427854693,80338971,3.544081073,6.390962202,8.123210407,15746
Viet Nam,2005,63.69949267,67.01535337,57633255738,81088313,3.390403639,5.465201898,9.044735573,15858.91667
Viet Nam,2006,67.71681433,70.59680754,66371664817,82167897,3.616000904,5.532774724,8.777568082,15994.25
Viet Nam,2007,70.5178746,84.08750939,77414425532,83633375,8.654717714,5.55411628,6.638276114,16105.125
Viet Nam,2008,70.33669194,83.98078769,99130304099,85175788,9.663039055,5.625083924,7.243409075,16302.25
Viet Nam,2009,62.60888407,72.09743366,1.06E+11,86460018,7.168819889,5.778407417,3.462402479,17065.08333
Viet Nam,2010,54.17584597,59.80184157,1.47E+11,87455152,5.434739293,10.38330825,3.393302694,18612.91667
Viet Nam,2011,61.18015572,64.08042222,1.73E+11,88468314,4.304874349,9.980917276,4.582444336,20509.75
Viet Nam,2012,63.4739249,59.75019184,1.96E+11,89510356,4.278322877,10.44518629,4.109883922,20828
Viet Nam,2013,66.80044599,64.04590887,2.14E+11,90573104,4.164545173,10.91616698,3.170475171,20933.41667
Viet Nam,2014,69.59857595,65.8119455,2.33E+11,91679578,3.940861891,10.31746175,2.851179675,21148
Viet Nam,2015,72.92285184,71.99137636,2.39E+11,92823254,4.931907733,10.65491271,1.21986218,21697.5675
Viet Nam,2016,74.10728626,71.30222172,2.57E+11,94000117,4.900893029,10.39837667,0.828042589,21935.00083
Viet Nam,2017,81.76252184,79.21756182,2.81E+11,95176977,5.011487217,10.13492728,1.000990643,22370.08667
Viet Nam,2018,84.42345608,80.24048069,3.10E+11,96237319,4.998283196,9.745889133,1.120462071,22602.05
Viet Nam,2019,85.15758741,79.54662762,3.34E+11,97173776,4.821074861,9.578836368,0.724494953,23050.24167
Viet Nam,2020,84.38159801,78.86426481,3.47E+11,98079191,4.558361968,9.478813283,0.242642398,23208.36833
Viet Nam,2021,93.85020713,92.82562571,3.66E+11,98935098,4.273145662,9.585085546,0.669314215,23159.78259
